1587596539939952,0,0,0.87,-1.04,0.55,-0.54,-0.80,0.33
1587596539966971,0,0,0.25,-0.65,-1.64,0.45,-1.10,1.17
1587596539978977,0,0,-0.30,-0.54,-1.85,0.53,-0.49,0.76
1587596539988412,0,0,-0.24,-0.71,-1.64,0.63,0.80,0.34
1587596539999628,0,0,0.27,-0.63,-0.38,2.05,2.34,0.45
1587596540026730,0,0,-1.08,2.06,0.20,5.37,2.47,0.01
1587596540037446,0,0,-1.55,2.76,-0.30,2.87,1.50,-0.56
1587596540046932,0,0,-1.83,2.74,-0.45,1.55,0.53,-1.25
1587596540058779,0,0,-1.73,2.17,-0.18,1.08,-0.85,-1.28
1587596540088895,0,0,-0.14,0.33,0.26,-0.92,-1.85,-0.15
1587596540100260,0,0,0.26,0.02,0.27,-0.75,-2.00,-0.08
1587596540109746,0,0,0.33,-0.09,0.29,-0.48,-2.07,-0.21
1587596540121511,0,0,0.35,-0.05,0.32,-0.10,-1.89,-0.18
1587596540148616,0,0,0.37,0.11,0.49,0.29,-1.47,-0.46
1587596540159281,0,0,0.33,0.13,0.43,0.28,-1.37,-0.43
1587596540171976,0,0,0.37,-0.01,0.42,0.13,-1.34,0.11
1587596540183947,0,0,0.43,-0.37,0.25,0.11,-1.20,0.43
1587596540210773,0,0,0.55,-0.72,0.06,0.15,-1.13,1.71
1587596540222191,0,0,1.14,-1.21,0.07,0.31,-0.46,2.13
1587596540234885,0,0,1.23,-1.13,0.05,0.27,-0.21,2.32
1587596540246878,0,0,1.16,-0.97,0.22,0.05,0.05,2.26
1587596540273746,0,0,0.99,-0.85,0.48,-0.29,0.57,1.11
1587596540285134,0,0,0.62,-0.80,0.38,-1.53,0.78,0.75
1587596540297147,0,0,0.51,-0.80,0.06,-1.78,0.62,0.55
1587596540306565,0,0,0.38,-0.74,-0.30,-1.74,0.49,0.27
1587596540336076,0,0,-0.50,-0.23,-0.21,-1.50,-0.50,-1.63
1587596540347391,0,0,-0.83,-0.04,-0.26,-1.88,1.09,-2.61
1587596540356858,0,0,-1.07,0.35,-0.73,-1.87,1.67,-3.45
1587596540368655,0,0,-0.95,0.45,-0.31,-1.52,1.00,-3.89
1587596540398707,0,0,0.16,0.80,0.48,-1.43,1.19,-2.93
1587596540410735,0,0,0.13,1.00,0.18,-1.32,1.73,-1.92
1587596540422740,0,0,-0.24,1.06,0.45,-0.45,1.89,-0.71
1587596540432210,0,0,-0.43,1.22,0.50,0.72,1.67,1.05
1587596540461683,0,0,-0.26,1.52,0.31,2.12,1.70,2.11
1587596540472985,0,0,-0.02,0.47,0.37,0.39,0.98,1.77
1587596540482497,0,0,0.03,0.11,0.36,0.10,0.97,1.26
1587596540494618,0,0,0.07,-0.19,0.30,-0.05,0.93,0.91
1587596540524000,0,0,0.08,-0.26,0.21,0.42,0.94,0.50
1587596540536019,0,0,0.35,-0.03,0.24,1.26,0.92,0.53
1587596540545420,0,0,0.38,0.09,0.35,1.02,0.87,0.62
1587596540556520,0,0,0.31,0.06,0.31,0.33,0.81,0.61
1587596540583471,0,0,0.19,-0.57,0.27,-0.10,0.56,0.28
1587596540594873,0,0,-0.30,-0.96,0.12,-0.89,0.23,0.07
1587596540607555,0,0,-0.42,-1.19,0.08,-1.03,-0.27,-0.02
1587596540619471,0,0,-0.30,-1.29,0.10,-0.95,-0.67,-0.03
1587596540646480,0,0,0.59,-1.38,0.43,-1.21,-0.93,0.00
1587596540657883,0,0,0.69,-1.25,0.60,-1.01,-0.92,0.18
1587596540669944,0,0,0.86,-1.09,0.31,-0.62,-0.72,0.32
1587596540679234,0,0,0.84,-1.07,-0.28,-0.42,-0.81,0.71
1587596540708638,0,0,0.06,-0.60,-1.75,0.59,-0.39,0.59
1587596540720645,0,0,0.14,-0.71,-1.27,1.09,1.15,0.32
1587596540732627,0,0,0.35,-0.33,-0.06,2.84,2.18,0.62
1587596540742177,0,0,0.08,0.50,-0.07,4.49,2.27,0.83
1587596540771496,0,0,-0.68,2.01,-0.51,4.62,2.94,-1.36
1587596540783519,0,0,-1.44,2.74,-0.42,0.39,0.70,-1.86
1587596540795483,0,0,-1.02,1.87,0.07,0.22,-0.28,-1.55
1587596540804891,0,0,-0.58,1.36,0.25,0.02,-0.44,-1.18
1587596540834297,0,0,-0.21,0.26,0.34,-0.17,-0.79,-0.54
1587596540846430,0,0,-0.06,-0.10,0.34,-0.24,-1.06,-0.32
1587596540858411,0,0,-0.19,-0.20,0.31,-0.02,-1.07,-0.13
1587596540867810,0,0,-0.25,-0.04,0.32,0.27,-1.10,-0.00
1587596540897248,0,0,-0.26,0.09,0.41,0.34,-1.49,0.21
1587596540908626,0,0,-0.17,-0.28,0.21,0.42,-1.70,0.50
1587596540918182,0,0,-0.04,-0.57,0.09,0.61,-1.83,0.75
1587596540929381,0,0,0.30,-0.91,-0.07,0.91,-1.68,0.99
1587596540956500,0,0,1.12,-1.04,-0.21,1.57,-1.20,2.17
1587596540967671,0,0,1.20,-0.80,-0.19,1.36,-1.06,2.24
1587596540980247,0,0,1.15,-0.65,0.07,0.46,-0.73,2.06
1587596541009739,0,0,1.03,-0.74,0.20,-0.51,-0.47,1.70
1587596541019249,0,0,0.74,-0.68,0.29,-1.18,0.16,0.55
1587596541030734,0,0,0.56,-0.68,0.12,-1.51,0.08,0.39
1587596541042743,0,0,0.26,-0.81,-0.23,-1.76,-0.18,0.27
1587596541052254,0,0,0.03,-0.99,-0.61,-1.68,-0.31,0.10
1587596541080980,0,0,-0.41,-0.88,-0.78,-1.12,-0.72,-2.05
1587596541092985,0,0,-1.70,-0.23,-0.38,-1.17,0.43,-3.18
1587596541102498,0,0,-1.32,0.33,-0.07,-0.86,0.90,-4.19
1587596541113835,0,0,-0.33,0.79,0.06,-0.81,0.50,-4.24
1587596541144895,0,0,0.13,1.01,-0.07,-1.35,-0.23,-2.23
1587596541156379,0,0,0.25,1.01,0.20,-1.31,0.48,-0.87
1587596541168443,0,0,0.01,1.05,0.55,-0.31,1.09,0.22
1587596541177811,0,0,-0.04,1.20,0.53,0.91,1.27,1.55
1587596541207296,0,0,0.23,0.88,0.25,0.91,1.18,2.03
1587596541218638,0,0,0.29,0.39,0.16,0.33,1.17,1.60
1587596541228130,0,0,0.28,0.21,0.22,0.18,1.25,0.99
1587596541239365,0,0,0.23,0.07,0.34,0.45,1.45,0.67
1587596541266444,0,0,0.15,0.13,0.34,0.85,1.28,0.63
1587596541277757,0,0,0.15,0.12,0.36,0.57,1.16,0.83
1587596541289700,0,0,0.15,-0.07,0.13,-0.05,1.09,0.82
1587596541299021,0,0,0.06,-0.31,0.04,-0.40,1.00,0.77
1587596541328660,0,0,-0.31,-0.97,-0.07,-0.84,0.49,-0.02
1587596541339981,0,0,-0.39,-1.16,-0.03,-1.24,0.00,-0.24
1587596541349457,0,0,-0.32,-1.27,-0.02,-1.37,-0.28,-0.41
1587596541361160,0,0,-0.07,-1.34,0.17,-1.50,-0.63,-0.47
1587596541388032,0,0,0.38,-1.19,0.54,-1.46,-0.80,-0.12
1587596541398674,0,0,0.51,-0.98,0.40,-1.00,-0.77,0.16
1587596541408146,0,0,0.54,-0.88,-0.18,-0.61,-0.93,0.65
1587596541419330,0,0,0.27,-0.78,-0.90,-0.01,-1.15,1.16
1587596541446490,0,0,-0.20,-0.58,-1.68,1.09,-0.10,0.93
1587596541457887,0,0,0.23,-0.10,-0.65,2.19,1.64,1.45
1587596541469948,0,0,0.09,0.83,0.02,3.88,1.75,1.37
1587596541479253,0,0,-0.35,1.81,0.10,4.12,1.90,0.67
1587596541508626,0,0,-1.42,2.75,-0.46,0.22,0.11,-1.37
1587596541520660,0,0,-1.07,1.96,0.01,0.12,-0.85,-1.50
1587596541532621,0,0,-0.48,1.28,0.30,-0.03,-1.05,-1.30
1587596541542173,0,0,-0.22,0.87,0.33,-0.11,-0.99,-0.88
1587596541571501,0,0,0.06,0.54,0.14,-0.03,-1.10,-0.65
1587596541582970,0,0,-0.06,0.17,0.10,-0.04,-1.47,-0.53
1587596541592446,0,0,-0.02,0.13,0.11,0.07,-1.34,-0.43
1587596541604174,0,0,-0.01,0.13,0.28,0.27,-1.24,-0.35
1587596541634216,0,0,-0.02,-0.12,0.38,0.31,-1.05,0.08
1587596541646232,0,0,0.07,-0.49,0.27,0.08,-1.06,0.23
1587596541658893,0,0,0.30,-0.79,0.03,0.33,-1.07,0.73
1587596541670691,0,0,0.70,-1.11,-0.11,0.55,-1.07,1.08
1587596541697711,0,0,1.28,-1.15,-0.27,0.25,-0.40,2.10
1587596541709095,0,0,1.27,-1.03,-0.18,-0.31,-0.26,2.06
1587596541721133,0,0,0.93,-0.91,0.04,-0.71,-0.32,1.77
1587596541730375,0,0,0.64,-0.75,0.22,-0.77,-0.22,1.25
1587596541758670,0,0,0.29,-0.65,0.50,-1.46,0.36,0.69
1587596541768149,0,0,0.23,-0.71,0.37,-1.68,0.22,0.66
1587596541780178,0,0,0.05,-0.51,0.18,-1.55,0.01,0.32
1587596541809958,1,0,-0.19,-0.37,-1.22,-1.49,-0.40,0.08
1587596541819409,1,0,-1.05,-0.19,-0.81,-1.36,-2.13,-1.48
1587596541830166,1,0,-1.34,-0.32,-0.53,-1.99,-0.91,-2.55
1587596541839698,1,0,-1.49,-0.15,-0.61,-1.84,0.14,-3.55
1587596541850790,1,0,-0.59,0.27,-0.11,-0.95,0.38,-3.83
1587596541877945,1,0,0.32,1.01,0.57,-1.54,0.29,-2.97
1587596541889366,1,0,0.14,1.15,0.45,-0.82,0.70,-1.92
1587596541901430,1,0,-0.09,1.17,0.55,-0.02,1.01,-0.92
1587596541910661,1,0,-0.32,1.33,0.75,0.52,1.10,0.85
1587596541938649,1,0,0.08,1.51,0.36,1.57,1.28,2.19
1587596541948116,1,0,0.27,1.25,0.44,0.91,1.02,1.88
1587596541960146,1,0,0.40,0.70,0.43,0.22,1.05,1.49
1587596541969508,1,0,0.38,0.29,0.28,-0.16,1.15,1.21
1587596541998460,1,0,0.27,-0.03,0.10,0.95,1.42,1.28
1587596542010465,1,0,0.27,0.12,0.14,1.60,1.42,1.08
1587596542022894,1,0,0.17,0.21,0.15,1.53,1.49,0.88
1587596542032389,1,0,0.07,0.15,0.11,1.19,1.44,0.68
1587596542061061,1,0,-0.04,0.01,0.19,0.78,1.24,-0.03
1587596542073529,0,0,-0.38,-0.79,0.12,-0.29,0.61,-0.22
1587596542085507,0,0,-0.51,-1.02,0.08,-0.75,-0.03,-0.32
1587596542094936,0,0,-0.49,-1.13,0.04,-0.84,-0.36,-0.44
1587596542124248,0,0,-0.24,-1.32,0.14,-0.85,-0.99,-0.49
1587596542136206,0,0,0.42,-1.19,0.18,-0.68,-1.02,-0.28
1587596542148873,0,0,0.60,-1.05,0.24,-0.33,-0.87,0.05
1587596542160645,0,0,0.72,-0.87,0.23,-0.34,-0.92,0.24
1587596542187666,0,0,0.39,-0.50,-1.56,-0.65,-1.30,1.01
1587596542199045,0,0,0.17,-0.65,-1.55,-0.72,-0.62,0.52
1587596542211726,0,0,0.27,-1.10,-1.06,-0.23,1.49,0.59
1587596542223655,0,0,0.09,-0.41,-0.25,2.68,2.29,1.65
1587596542250519,0,0,-0.26,0.65,0.06,5.03,2.32,-0.52
1587596542261899,0,0,-1.63,2.95,-0.29,1.98,1.57,-1.72
1587596542274506,0,0,-1.58,2.78,-0.07,1.11,-0.22,-2.03
1587596542286483,0,0,-0.97,1.92,0.23,0.82,-1.23,-1.56
1587596542313516,0,0,-0.53,0.75,0.26,0.45,-1.50,-0.46
1587596542324867,0,0,0.05,0.37,0.26,-0.27,-1.57,-0.41
1587596542336894,0,0,0.02,0.12,0.16,-0.09,-1.64,-0.25
1587596542346299,0,0,0.01,0.11,0.27,0.19,-1.65,-0.12
1587596542375707,0,0,-0.01,0.16,0.31,0.58,-1.45,0.10
1587596542387669,0,0,-0.01,-0.13,0.32,0.53,-1.48,0.33
1587596542399662,0,0,0.11,-0.61,0.12,0.60,-1.59,0.44
1587596542409042,0,0,0.23,-0.82,0.00,0.76,-1.52,0.81
1587596542438455,0,0,1.06,-1.06,-0.29,1.31,-0.94,2.15
1587596542450408,0,0,1.21,-0.95,-0.19,1.09,-0.68,2.46
1587596542462726,1,0,1.15,-0.88,-0.02,0.64,-0.42,2.47
1587596542472235,1,0,0.96,-0.83,0.13,0.29,-0.28,2.09
1587596542500971,1,0,0.66,-0.74,0.34,-0.00,0.10,0.87
1587596542512971,1,0,0.37,-0.53,0.18,-1.44,0.19,0.64
1587596542522451,1,0,0.21,-0.58,-0.02,-1.99,-0.04,0.37
1587596542533783,1,0,0.01,-0.68,-0.34,-2.30,-0.33,0.10
1587596542560571,1,0,-0.10,-0.88,-1.09,-2.01,-0.46,-1.68
1587596542571879,1,0,-1.01,-0.10,-0.35,-2.02,-0.66,-3.24
1587596542583961,1,0,-1.21,0.15,-0.36,-2.47,0.78,-3.75
1587596542593403,1,0,-0.64,0.24,-0.23,-2.03,0.80,-3.93
1587596542622771,1,0,-0.09,0.23,0.35,-1.50,0.69,-2.89
1587596542634741,1,0,-0.15,1.23,0.44,-0.61,0.86,-1.41
1587596542646628,1,0,-0.49,1.32,0.65,0.21,0.99,-0.43
1587596542656065,1,0,-0.67,1.49,0.64,0.95,0.98,1.19
1587596542685457,1,0,-0.45,1.14,0.15,1.87,0.48,2.25
1587596542697427,1,0,0.21,0.75,0.21,0.56,0.16,1.64
1587596542710184,1,0,0.32,0.41,0.25,0.34,0.23,0.97
1587596542739570,1,0,0.33,0.20,0.07,0.34,0.51,0.68
1587596542749122,1,0,0.49,0.11,0.13,1.34,0.62,0.72
1587596542760464,1,0,0.52,0.21,0.21,1.49,0.83,0.71
1587596542772882,0,0,0.45,0.17,0.13,0.96,1.04,0.52
1587596542785562,0,0,0.25,-0.11,0.22,0.19,0.94,0.47
1587596542815726,0,0,0.01,-0.91,0.17,-0.28,0.56,0.21
1587596542827101,0,0,-0.58,-1.16,0.11,-1.09,0.03,0.19
1587596542836623,0,0,-0.54,-1.33,0.07,-1.29,-0.37,0.15
1587596542847840,0,0,-0.22,-1.41,-0.02,-1.47,-0.82,-0.06
1587596542874755,0,0,0.02,-1.25,0.19,-1.45,-1.25,-0.34
1587596542886196,0,0,0.64,-1.11,0.31,-0.80,-1.13,-0.05
1587596542898161,0,0,0.77,-0.92,0.34,-0.59,-0.91,0.25
1587596542907522,0,0,0.78,-0.80,-0.28,-0.55,-0.80,0.69
1587596542937024,0,0,-0.13,-0.78,-1.66,0.14,-0.28,0.84
1587596542948355,0,0,0.01,-1.00,-1.07,1.15,1.81,0.79
1587596542957895,0,0,0.27,-0.60,-0.52,2.93,2.67,1.36
1587596542969034,0,0,-0.04,1.08,-0.19,6.08,2.60,1.44
1587596542995999,0,0,-1.99,3.86,-0.89,5.93,1.47,-2.01
1587596543007400,0,0,-2.11,3.16,-0.39,1.51,-0.68,-2.54
1587596543020028,0,0,-1.47,1.93,0.09,0.67,-1.70,-1.40
1587596543050029,0,0,-0.72,0.93,0.30,-0.84,-1.69,-0.41
1587596543059622,0,0,-0.18,0.24,0.20,-0.57,-2.46,-0.06
1587596543070055,0,0,-0.22,0.23,0.15,-0.40,-2.63,0.02
1587596543082670,0,0,-0.18,0.18,0.22,-0.29,-2.50,-0.00
1587596543095229,0,0,0.03,0.01,0.31,-0.04,-2.30,-0.17
1587596543125434,0,0,0.24,-0.21,0.10,0.40,-1.86,0.39
1587596543137439,0,0,0.43,-0.65,-0.12,0.94,-1.71,0.55
1587596543149447,0,0,0.72,-1.03,-0.34,0.96,-1.30,0.75
1587596543158748,0,0,0.94,-1.13,-0.45,0.92,-1.11,1.31
1587596543188250,0,0,1.51,-0.93,-0.06,0.36,-0.26,2.40
1587596543199655,0,0,1.40,-0.83,0.25,-0.15,-0.14,2.30
1587596543209146,0,0,1.11,-0.78,0.39,-0.43,-0.08,1.91
1587596543220666,1,0,0.63,-0.68,0.52,-0.57,0.30,1.47
1587596543247704,1,0,0.05,-0.71,0.36,-1.53,0.55,0.64
1587596543258398,1,0,0.00,-0.85,0.04,-1.99,0.22,0.61
1587596543267874,1,0,-0.12,-0.76,-0.41,-1.92,-0.15,0.15
1587596543279143,1,0,-0.45,-0.79,-0.78,-1.51,-0.91,-0.32
1587596543306246,1,0,-1.03,0.51,-0.63,-0.95,0.29,-3.26
1587596543316880,1,0,-0.85,0.87,-0.87,-1.40,0.37,-3.34
1587596543326413,1,0,-0.39,0.53,-0.38,-1.22,-0.01,-3.55
1587596543338263,1,0,0.07,0.05,0.13,-1.50,-0.01,-3.52
1587596543368451,1,0,-0.05,0.94,0.44,-1.64,1.45,-2.06
1587596543379876,1,0,-0.36,0.99,0.70,-0.79,1.49,-1.33
1587596543389437,1,0,-0.55,1.24,0.65,0.43,1.38,0.10
1587596543400592,1,0,-0.50,1.74,0.43,2.17,1.40,0.85
1587596543427669,1,0,0.06,1.23,0.34,0.85,0.76,1.25
1587596543438406,1,0,0.23,0.82,0.23,0.33,0.52,1.07
1587596543447901,1,0,0.29,0.57,0.17,0.20,0.55,0.81
1587596543459439,0,0,0.30,0.32,0.11,0.29,0.71,0.68
1587596543486632,0,0,0.50,-0.04,0.11,1.23,0.87,0.80
1587596543497138,0,0,0.48,-0.05,0.13,1.40,1.10,0.76
1587596543506671,0,0,0.44,-0.03,0.13,1.42,1.21,0.59
1587596543517934,0,0,0.25,-0.14,0.07,0.84,1.25,0.55
1587596543544936,0,0,0.07,-0.93,0.15,0.15,0.79,0.19
1587596543555650,0,0,-0.37,-1.14,-0.03,-1.16,0.51,0.12
1587596543565122,0,0,-0.42,-1.28,-0.04,-1.25,0.10,-0.04
1587596543577072,0,0,-0.22,-1.43,0.02,-1.47,-0.44,-0.39
1587596543607234,0,0,0.32,-1.25,0.29,-1.16,-0.81,-0.50
1587596543618638,0,0,0.54,-0.93,0.47,-0.69,-0.64,-0.43
1587596543628110,0,0,0.66,-0.76,0.47,-0.71,-0.54,-0.06
1587596543639359,0,0,0.77,-0.62,0.05,-1.03,-0.58,0.27
1587596543666459,0,0,-0.01,-0.62,-1.94,-0.61,-0.79,1.05
1587596543677153,0,0,-0.29,-0.76,-1.88,-0.18,0.10,0.60
1587596543686670,0,0,-0.36,-0.63,-0.89,0.67,1.65,1.09
1587596543697845,0,0,-0.14,0.34,-0.04,3.61,2.23,1.76
1587596543724755,0,0,-0.39,2.65,-0.08,4.75,1.33,-0.70
1587596543736040,0,0,-1.76,2.45,-0.30,0.95,0.13,-1.42
1587596543748675,0,0,-1.28,2.07,-0.03,0.98,-0.88,-1.73
1587596543761079,0,0,-0.59,1.54,0.17,0.40,-1.43,-1.29
1587596543788160,0,0,0.17,0.77,0.33,-0.60,-1.82,-0.48
1587596543798907,0,0,0.15,0.51,0.23,-0.61,-1.88,-0.49
1587596543811626,0,0,0.03,0.35,0.19,-0.48,-1.92,-0.53
1587596543823659,0,0,-0.00,0.21,0.17,-0.08,-1.85,-0.51
1587596543850497,0,0,-0.07,0.09,0.33,0.16,-1.75,-0.04
1587596543861898,0,0,-0.10,-0.29,0.36,0.72,-1.71,0.03
1587596543874519,0,0,-0.01,-0.48,0.14,0.83,-1.72,0.25
1587596543886522,0,0,0.22,-0.94,-0.05,0.89,-1.79,0.53
1587596543913413,0,0,0.48,-1.12,-0.35,1.03,-1.37,1.71
1587596543924730,0,0,1.32,-1.02,-0.17,0.64,-0.92,2.02
1587596543937116,1,0,1.29,-0.84,0.05,-0.19,-0.69,1.87
1587596543949706,1,0,0.98,-0.75,0.13,-0.92,-0.53,1.64
1587596543978549,1,0,0.43,-0.62,0.28,-1.50,0.38,0.65
1587596543988085,1,0,0.38,-0.70,0.24,-1.78,0.27,0.56
1587596544000135,1,0,0.31,-0.84,0.06,-1.96,0.05,0.48
1587596544030231,1,0,0.14,-0.62,-0.28,-1.76,-0.22,0.02
1587596544039721,1,0,-0.76,0.10,0.02,-2.16,-0.71,-1.78
1587596544050403,1,0,-1.08,0.41,-0.65,-2.56,0.36,-2.74
1587596544062430,1,0,-0.96,0.26,-0.63,-2.16,0.29,-2.97
1587596544071962,1,0,-0.51,-0.29,-0.22,-1.38,0.12,-3.33
1587596544101264,1,0,-0.06,0.07,0.62,-0.62,0.60,-2.85
1587596544113326,1,0,-0.33,1.39,0.60,-0.94,1.28,-1.97
1587596544125153,1,0,-0.35,1.28,0.70,-0.21,1.23,-0.93
1587596544134632,1,0,-0.22,1.56,0.72,0.69,1.26,0.75
1587596544164002,1,0,0.09,1.46,0.37,1.58,1.35,1.68
1587596544176008,1,0,0.64,0.96,0.36,0.24,1.31,1.37
1587596544188644,1,0,0.63,0.44,0.20,-0.07,1.52,1.11
1587596544200808,0,0,0.61,0.05,0.06,0.11,1.92,1.04
1587596544227920,0,0,0.50,0.13,-0.04,1.20,2.28,1.07
1587596544238662,0,0,0.40,0.17,-0.07,1.08,2.36,0.87
1587596544251371,0,0,0.03,-0.03,-0.00,0.60,2.24,0.61
1587596544281481,0,0,-0.33,-0.28,0.24,0.04,2.07,0.21
1587596544292868,0,0,-0.74,-1.22,0.09,-1.30,1.05,0.13
1587596544302433,0,0,-0.74,-1.39,0.02,-1.29,0.63,-0.03
1587596544313733,0,0,-0.52,-1.52,0.03,-1.19,-0.01,-0.18
1587596544323229,0,0,-0.26,-1.59,0.05,-1.23,-0.36,-0.42
1587596544352525,0,0,0.16,-1.41,0.29,-1.29,-0.58,-0.57
1587596544364513,0,0,0.78,-0.84,0.35,-0.35,-0.52,-0.17
1587596544377182,0,0,0.81,-0.69,-0.44,-0.63,-0.37,0.45
1587596544389043,0,0,0.57,-0.48,-1.38,-0.70,-0.56,0.79
1587596544416154,0,0,0.55,-0.75,-1.31,-0.58,1.71,-0.00
1587596544426905,0,0,0.33,0.21,0.32,2.08,2.55,1.45
1587596544436390,0,0,-0.10,1.27,0.40,4.18,2.05,2.28
1587596544447609,0,0,-1.15,2.11,-0.09,3.27,1.89,1.71
1587596544474512,0,0,-1.58,1.97,-0.27,1.28,0.45,-1.77
1587596544485962,0,0,-1.13,1.94,0.29,1.55,-0.48,-2.15
1587596544498659,0,0,-0.45,1.42,0.29,0.78,-0.99,-1.71
1587596544510458,0,0,-0.10,1.09,0.27,0.22,-1.06,-1.39
1587596544537335,0,0,-0.07,0.57,0.18,0.01,-1.53,-0.64
1587596544548622,0,0,-0.12,0.38,0.17,0.27,-1.64,-0.26
1587596544561277,0,0,-0.16,0.24,0.29,0.70,-1.74,0.03
1587596544591289,0,0,-0.19,0.32,0.35,0.98,-1.72,0.51
1587596544603394,0,0,-0.15,-0.23,0.24,0.63,-1.89,0.34
1587596544615456,0,0,-0.06,-0.64,0.15,0.54,-1.93,0.35
1587596544625001,0,0,0.21,-0.99,0.10,0.44,-1.93,0.72
1587596544636340,0,0,0.76,-1.37,-0.04,0.44,-1.59,1.10
1587596544663479,0,0,1.05,-1.34,-0.40,0.57,-0.76,2.25
1587596544674453,1,0,1.54,-1.18,-0.29,0.30,-0.48,2.13
1587596544687170,1,0,1.17,-0.94,-0.03,-0.07,-0.14,1.49
1587596544699034,1,0,0.76,-0.77,0.27,-0.06,0.28,1.07
1587596544726026,1,0,0.40,-0.68,0.45,-0.00,0.64,0.44
1587596544737394,1,0,0.30,-0.71,0.23,-1.38,0.39,0.30
1587596544749163,1,0,0.07,-0.48,-0.14,-1.37,0.00,0.06
1587596544758456,1,0,-0.19,-0.38,-0.76,-1.23,-0.37,-0.51
1587596544787908,1,0,-1.56,-0.04,-0.67,-2.11,-1.60,-3.01
1587596544799974,1,0,-1.88,0.08,-0.43,-2.44,-0.08,-3.70
1587596544812645,1,0,-0.40,0.47,-0.19,-1.31,-0.17,-3.69
1587596544824624,1,0,0.18,0.60,0.21,-1.49,-0.38,-3.80
1587596544851526,1,0,0.44,1.08,0.07,-1.93,-0.32,-1.89
1587596544862934,1,0,0.14,1.27,0.51,-0.95,0.95,-0.47
1587596544875644,1,0,-0.18,1.44,0.71,0.54,1.25,1.14
1587596544887596,1,0,-0.02,1.59,0.46,1.68,1.64,1.62
1587596544914563,1,0,0.13,0.71,0.22,1.38,1.24,1.29
1587596544925251,1,0,0.34,0.51,0.27,0.88,1.53,0.94
1587596544934799,1,0,0.25,0.32,0.19,0.57,1.53,0.80
1587596544946365,0,0,0.11,0.10,0.13,0.38,1.45,0.77
1587596544973251,0,0,0.08,0.12,0.09,0.79,1.32,0.73
1587596544983910,0,0,0.23,0.16,0.07,1.77,1.46,0.65
1587596544993388,0,0,0.20,0.13,0.03,1.35,1.41,0.61
1587596545005333,0,0,0.06,-0.08,0.04,0.36,1.24,0.52
1587596545035519,0,0,-0.18,-1.13,0.13,-0.88,0.69,0.14
1587596545046910,0,0,-0.59,-1.39,0.04,-1.71,0.10,0.01
1587596545056402,0,0,-0.50,-1.50,0.04,-1.56,-0.20,-0.22
1587596545067582,0,0,-0.17,-1.55,0.07,-1.40,-0.67,-0.40
1587596545094498,0,0,0.04,-1.19,0.17,-1.34,-0.89,-0.39
1587596545105891,0,0,0.61,-0.92,0.37,-0.59,-0.79,-0.00
1587596545117947,0,0,0.74,-0.69,-0.14,-0.65,-0.55,0.28
1587596545127372,0,0,0.68,-0.77,-1.13,-0.83,-0.48,0.79
1587596545156875,0,0,0.60,-0.79,-1.34,-0.48,1.52,-0.29
1587596545168075,0,0,0.63,0.39,0.41,1.50,2.55,1.59
1587596545177465,0,0,0.10,1.35,0.40,3.49,1.68,2.53
1587596545189297,0,0,-1.08,1.98,-0.36,2.98,1.69,1.67
1587596545216447,0,0,-1.61,2.02,-0.43,1.45,0.19,-1.61
1587596545227151,0,0,-1.22,1.84,0.23,1.11,-0.84,-1.97
1587596545239894,0,0,-0.47,1.27,0.27,0.33,-1.22,-1.66
1587596545251777,0,0,-0.06,0.90,0.22,0.03,-1.21,-1.36
1587596545278734,0,0,-0.07,0.60,0.17,0.36,-1.42,-0.74
1587596545290119,0,0,-0.15,0.43,0.16,0.36,-1.65,-0.48
1587596545302830,0,0,-0.19,0.35,0.16,0.49,-1.76,-0.16
1587596545314789,0,0,-0.17,0.35,0.32,0.66,-1.83,0.10
1587596545341761,0,0,-0.16,0.34,0.30,0.62,-1.79,0.47
1587596545353206,0,0,-0.09,-0.39,0.12,-0.15,-2.02,0.47
1587596545365265,0,0,0.07,-0.95,-0.02,-0.04,-1.99,0.70
1587596545374770,0,0,0.30,-1.23,-0.11,0.17,-1.83,1.13
1587596545403499,0,0,0.75,-1.22,-0.40,0.56,-1.27,2.14
1587596545415271,1,0,1.31,-1.05,-0.28,0.18,-0.98,2.20
1587596545424756,1,0,1.27,-1.00,-0.12,-0.19,-0.77,1.87
1587596545436707,1,0,0.98,-0.93,0.15,-0.72,-0.40,1.23
1587596545466775,1,0,0.48,-0.71,0.34,-1.09,0.45,0.53
1587596545478184,1,0,0.31,-0.61,0.32,-1.49,0.38,0.38
1587596545487661,1,0,0.19,-0.58,0.20,-1.52,0.25,0.10
1587596545498857,1,0,0.05,-0.48,0.03,-1.52,0.03,-0.16
1587596545525826,1,0,-0.05,-0.32,-1.25,-1.47,-1.17,-1.12
1587596545537151,1,0,-1.21,-0.11,-0.69,-1.44,-1.20,-2.65
1587596545549947,1,0,-1.89,-0.16,-0.31,-1.90,0.45,-3.65
1587596545561813,1,0,-0.86,0.48,-0.21,-0.83,0.91,-3.85
1587596545588576,1,0,-0.03,1.28,0.63,-0.76,0.25,-2.97
1587596545599907,1,0,-0.16,1.57,0.50,0.05,0.56,-1.80
1587596545612628,1,0,-0.27,1.61,0.47,0.35,0.84,-0.01
1587596545624624,1,0,-0.31,1.66,0.65,0.94,0.93,1.10
1587596545651495,1,0,-0.10,1.79,0.21,1.56,1.09,2.15
1587596545662929,1,0,0.43,0.59,0.30,0.83,0.53,1.46
1587596545675234,0,0,0.41,0.10,0.21,0.58,0.77,1.15
1587596545684658,0,0,0.37,-0.13,0.08,0.49,0.90,0.75
1587596545713412,0,0,0.34,-0.08,0.11,0.94,1.11,0.48
1587596545725448,0,0,0.48,0.24,0.11,1.86,1.43,0.38
1587596545734963,0,0,0.39,0.27,0.08,1.35,1.38,0.23
1587596545746255,0,0,0.15,0.01,0.09,0.38,1.27,0.10
1587596545773217,0,0,0.01,-0.75,0.20,-0.21,1.19,0.03
1587596545783909,0,0,-0.52,-0.93,0.20,-1.14,0.46,0.07
1587596545793347,0,0,-0.61,-1.08,0.17,-1.22,0.10,0.12
1587596545805063,0,0,-0.46,-1.38,0.12,-1.73,-0.46,0.10
1587596545835247,0,0,-0.08,-1.37,0.21,-2.02,-1.00,-0.10
1587596545846743,0,0,0.64,-1.05,0.33,-0.89,-0.84,-0.04
1587596545856240,0,0,0.80,-0.98,0.39,-0.74,-0.85,0.30
1587596545867494,0,0,0.95,-0.87,-0.17,-0.75,-0.84,0.51
1587596545894496,0,0,0.80,-0.60,-1.85,-0.68,-0.80,0.94
1587596545905916,0,0,-0.14,-0.70,-2.05,0.07,0.44,0.36
1587596545917943,0,0,0.08,-0.85,-0.56,1.37,2.92,0.36
1587596545927395,0,0,0.07,-0.26,0.00,3.61,2.87,1.09
1587596545956905,0,0,-2.42,3.60,-0.52,2.66,1.34,-1.05
1587596545968223,0,0,-2.28,2.78,-0.60,1.27,-0.23,-1.87
1587596545977714,0,0,-1.53,2.06,-0.20,0.79,-1.16,-1.91
1587596545988909,0,0,-0.44,1.24,0.15,-0.49,-1.38,-1.65
1587596546015923,0,0,0.25,0.58,0.35,-0.69,-1.48,-0.59
1587596546027232,0,0,0.17,0.35,0.19,0.10,-1.60,-0.41
1587596546039963,0,0,0.00,0.24,0.11,0.29,-1.55,-0.18
1587596546051768,0,0,-0.04,0.27,0.20,0.44,-1.54,-0.02
1587596546078735,0,0,-0.17,0.09,0.36,0.74,-1.31,0.36
1587596546090150,0,0,-0.13,-0.20,0.29,0.63,-1.40,0.47
1587596546102191,0,0,0.02,-0.61,0.16,0.64,-1.43,0.49
1587596546111717,0,0,0.19,-0.91,0.07,0.76,-1.45,0.76
1587596546141153,0,0,0.63,-1.21,-0.29,0.96,-1.28,1.99
1587596546152475,0,0,1.53,-1.17,-0.28,0.76,-0.29,2.21
1587596546161969,0,0,1.62,-1.17,-0.21,0.53,-0.07,2.27
1587596546173983,0,0,1.36,-1.02,0.00,0.26,0.19,2.01
1587596546204026,0,0,0.84,-0.65,0.41,0.25,0.62,0.67
1587596546215283,0,0,0.29,-0.70,0.25,-1.48,0.47,0.58
1587596546224657,0,0,0.18,-0.76,0.13,-2.11,0.24,0.41
1587596546236277,1,0,0.07,-0.79,-0.21,-2.20,-0.01,0.22
1587596546263224,1,0,-0.07,0.10,-0.81,-1.78,-0.38,-1.70
1587596546273923,1,0,-1.03,0.17,-0.14,-2.30,-1.15,-2.70
1587596546283429,1,0,-1.28,0.00,-0.46,-3.12,-0.19,-3.26
1587596546294770,1,0,-0.84,0.22,-0.63,-2.42,0.31,-3.09
1587596546321606,1,0,-0.33,0.16,0.32,-1.78,0.22,-3.12
1587596546332996,1,0,0.20,1.21,0.29,-2.20,0.77,-2.22
1587596546345633,1,0,-0.01,1.19,0.36,-1.63,1.14,-1.39
1587596546357516,1,0,-0.39,1.19,0.60,-0.18,1.29,-0.40
1587596546384482,1,0,-0.45,1.53,0.38,1.12,1.41,1.70
1587596546395874,1,0,0.06,1.08,0.38,0.95,1.07,1.50
1587596546407954,1,0,0.22,0.67,0.43,0.58,0.96,1.22
1587596546417315,1,0,0.28,0.41,0.40,0.37,1.04,0.96
1587596546446730,1,0,0.26,-0.01,0.09,0.83,1.17,0.98
1587596546458681,1,0,0.37,0.08,0.07,1.54,1.29,0.97
1587596546470734,1,0,0.48,0.17,-0.01,1.76,1.50,0.80
1587596546480116,1,0,0.47,0.22,-0.07,1.51,1.55,0.55
1587596546508754,1,0,-0.04,-0.44,0.21,-0.31,1.23,0.32
1587596546521026,0,0,-0.29,-0.96,0.15,-1.19,1.01,-0.04
1587596546530615,0,0,-0.45,-1.15,0.08,-1.46,0.67,-0.13
1587596546541731,0,0,-0.53,-1.38,-0.03,-1.31,0.14,-0.12
1587596546568646,0,0,0.09,-1.52,0.06,-1.26,-0.66,-0.45
1587596546580106,0,0,0.27,-1.34,0.06,-1.15,-0.74,-0.30
1587596546592772,0,0,0.42,-1.11,0.28,-0.65,-0.71,-0.18
1587596546604781,0,0,0.55,-0.88,0.36,-0.48,-0.63,-0.05
1587596546631781,0,0,0.60,-0.75,-1.28,-0.62,-0.51,0.87
1587596546642929,0,0,0.16,-0.64,-1.43,-0.16,-0.64,0.68
1587596546655665,0,0,0.05,-0.67,-0.88,0.52,0.83,0.93
1587596546667503,0,0,0.27,-0.11,-0.30,2.54,1.68,1.49
1587596546694482,0,0,0.08,2.17,-0.27,3.89,2.22,-0.18
1587596546705826,0,0,-1.14,2.84,-0.42,1.66,1.52,-1.30
1587596546717943,0,0,-1.36,2.83,-0.32,1.01,0.11,-2.03
1587596546727397,0,0,-1.17,2.19,0.08,0.78,-0.70,-2.00
1587596546756909,0,0,-0.40,0.71,0.34,0.15,-1.13,-0.64
1587596546768246,0,0,-0.22,0.34,0.37,0.27,-1.50,-0.44
1587596546777712,0,0,-0.28,0.16,0.34,0.29,-1.73,-0.24
1587596546788907,0,0,-0.35,0.05,0.29,0.33,-1.96,-0.19
1587596546815974,0,0,-0.18,0.18,0.36,0.42,-2.05,-0.19
1587596546827388,0,0,-0.10,0.06,0.27,0.25,-2.08,-0.19
1587596546839426,0,0,0.03,-0.10,0.26,0.13,-2.12,-0.04
1587596546848808,0,0,0.11,-0.44,0.01,0.17,-2.10,0.29
1587596546878418,0,0,0.88,-1.23,-0.32,0.88,-1.69,1.39
1587596546889715,0,0,1.20,-1.08,-0.42,1.05,-1.37,1.72
1587596546899231,0,0,1.32,-0.96,-0.37,0.94,-1.12,2.06
1587596546910398,0,0,1.36,-0.78,-0.19,0.51,-0.70,2.10
1587596546937440,0,0,0.82,-0.80,0.48,-0.61,-0.03,1.36
1587596546948412,1,0,0.68,-0.75,0.59,-0.88,0.48,1.07
1587596546957944,1,0,0.56,-0.69,0.50,-1.06,0.59,0.79
1587596546969109,1,0,0.39,-0.70,0.38,-1.48,0.45,0.73
1587596546996225,1,0,-0.30,-0.72,-1.13,-1.56,-0.28,0.02
1587596547007182,1,0,-0.55,-0.69,-1.20,-1.12,-1.56,-0.32
1587596547019884,1,0,-0.97,-0.26,-0.45,-0.92,-1.21,-2.12
1587596547049992,1,0,-1.64,0.09,-0.14,-1.26,0.63,-3.55
1587596547059256,1,0,-0.11,0.32,0.20,-0.98,0.34,-4.19
1587596547069947,1,0,0.06,0.78,0.50,-1.22,0.24,-3.91
1587596547079455,1,0,0.09,1.17,0.45,-1.38,0.57,-3.06
1587596547090563,1,0,-0.02,1.34,0.37,-1.20,1.06,-2.26
1587596547117703,1,0,-0.39,1.75,0.61,1.33,1.27,1.38
1587596547128398,1,0,-0.25,1.67,0.31,1.91,1.32,1.81
1587596547137871,1,0,-0.07,1.34,0.23,1.24,0.97,1.93
1587596547149147,1,0,0.27,0.83,0.34,0.68,0.68,1.68
1587596547176221,1,0,0.34,0.06,0.12,0.48,1.11,0.57
1587596547187609,1,0,0.32,-0.08,0.00,0.53,1.27,0.64
1587596547200000,0,0,0.34,-0.04,0.07,0.97,1.37,0.73
1587596547230037,0,0,0.40,0.05,0.09,1.39,1.48,0.67
1587596547239544,0,0,0.06,-0.10,0.12,0.34,1.57,0.36
1587596547250166,0,0,-0.04,-0.46,0.15,-0.20,1.37,0.37
1587596547263021,0,0,-0.24,-0.85,0.21,-0.96,1.04,0.33
1587596547274816,0,0,-0.44,-1.17,0.07,-1.35,0.55,0.28
1587596547301774,0,0,-0.56,-1.31,0.10,-1.38,0.20,-0.08
1587596547313170,0,0,-0.11,-1.64,0.12,-1.42,-0.75,-0.28
1587596547325154,0,0,0.20,-1.37,0.17,-1.07,-0.86,-0.37
1587596547334624,0,0,0.40,-1.17,0.35,-0.60,-0.78,-0.41
1587596547364001,0,0,0.64,-0.72,0.05,-0.18,-0.71,0.36
1587596547376027,0,0,0.72,-0.80,-1.14,-0.59,-0.89,0.90
1587596547387974,0,0,0.32,-0.57,-1.97,-0.03,-1.09,1.00
1587596547397317,0,0,0.01,-0.64,-2.07,0.12,-0.49,0.39
1587596547426939,0,0,-0.19,0.70,0.14,5.13,2.74,1.67
1587596547438317,0,0,-0.96,2.96,0.48,5.60,2.83,0.96
1587596547447888,0,0,-1.66,3.29,-0.03,2.91,2.04,-0.28
1587596547459000,0,0,-1.94,2.58,-0.58,0.41,0.33,-1.12
1587596547485944,0,0,-0.56,1.27,0.20,0.60,-1.30,-1.30
1587596547497233,0,0,-0.25,0.72,0.35,-0.37,-1.42,-0.73
1587596547509953,0,0,0.03,0.43,0.33,-0.34,-1.55,-0.46
1587596547539987,0,0,0.05,0.23,0.10,0.00,-1.72,-0.46
1587596547549462,0,0,-0.09,0.10,0.11,0.50,-1.84,-0.17
1587596547560171,0,0,-0.09,0.06,0.29,0.58,-1.80,-0.06
1587596547572860,0,0,-0.05,0.14,0.40,0.77,-1.61,0.11
1587596547584810,0,0,-0.02,-0.06,0.36,0.66,-1.57,0.18
1587596547611797,0,0,0.04,-0.27,0.03,0.45,-1.57,0.68
1587596547623246,0,0,0.80,-1.20,-0.17,0.35,-1.31,1.40
1587596547635247,0,0,1.17,-1.25,-0.35,0.44,-1.03,1.75
1587596547644661,0,0,1.32,-1.19,-0.45,0.40,-0.79,2.09
1587596547673726,1,0,1.44,-0.99,0.15,0.15,-0.26,1.79
1587596547685569,1,0,0.77,-0.87,0.40,-0.62,0.16,1.37
1587596547694931,1,0,0.55,-0.80,0.44,-0.81,0.51,0.83
1587596547706284,1,0,0.36,-0.77,0.35,-1.30,0.65,0.71
1587596547733225,1,0,0.25,-0.75,0.22,-1.65,0.53,0.36
1587596547744510,1,0,-0.03,-0.62,-0.35,-1.78,-0.06,-0.25
1587596547757143,1,0,-0.39,-0.68,-0.93,-1.49,-0.95,-0.61
1587596547768924,1,0,-0.76,0.03,-0.76,-1.28,-1.47,-1.29
1587596547795922,1,0,-0.92,0.35,-0.61,-1.88,0.46,-3.98
1587596547807257,1,0,-0.37,0.29,0.01,-1.14,0.29,-4.15
1587596547819895,1,0,0.15,0.55,0.45,-1.61,0.54,-3.66
1587596547831730,1,0,0.17,1.24,0.55,-1.69,0.81,-2.93
1587596547858661,1,0,-0.49,1.38,0.59,0.18,1.30,0.48
1587596547869973,1,0,-0.38,1.72,0.61,1.60,1.41,1.34
1587596547882663,1,0,-0.12,1.75,0.38,1.72,1.52,1.92
1587596547895242,1,0,0.12,1.13,0.32,0.55,1.00,1.58
1587596547925276,1,0,0.27,-0.05,0.32,-0.06,1.29,0.74
1587596547937247,1,0,0.20,-0.12,0.19,0.22,1.52,0.64
1587596547949676,0,0,0.21,-0.03,0.15,0.84,1.47,0.73
1587596547979698,0,0,0.29,0.12,0.08,1.25,1.54,0.64
1587596547989202,0,0,0.22,0.03,0.03,0.31,1.54,0.41
1587596547999905,0,0,0.02,-0.26,0.15,-0.00,1.34,0.37
1587596548012637,0,0,-0.18,-0.61,0.15,-0.53,1.18,0.26
1587596548024625,0,0,-0.40,-0.96,0.00,-1.05,0.82,0.18
1587596548051523,0,0,-0.48,-1.13,0.02,-1.23,0.44,0.09
1587596548062913,0,0,-0.20,-1.56,0.02,-1.31,-0.69,-0.12
1587596548074894,0,0,0.10,-1.46,0.07,-1.44,-0.91,-0.24
1587596548084354,0,0,0.27,-1.35,0.18,-1.31,-0.89,-0.30
1587596548113712,0,0,0.49,-0.91,0.13,-0.83,-0.56,0.14
1587596548125773,0,0,0.72,-0.88,-1.09,-0.88,-0.51,0.69
1587596548137691,0,0,0.42,-0.63,-1.66,-0.43,-0.70,0.64
1587596548147004,0,0,0.19,-0.64,-1.72,-0.10,-0.06,0.42
1587596548176427,0,0,0.01,0.95,0.35,4.17,1.97,1.41
1587596548187934,0,0,-0.90,2.26,0.01,3.57,2.06,0.90
1587596548197445,0,0,-1.41,2.36,-0.49,1.77,1.71,-0.46
1587596548209311,0,0,-1.53,2.35,-0.63,1.05,0.78,-1.50
1587596548238715,0,0,-0.44,1.30,0.34,0.49,-1.05,-1.18
1587596548251372,0,0,-0.26,0.94,0.36,0.38,-1.09,-0.76
1587596548263414,0,0,-0.17,0.65,0.31,0.33,-1.30,-0.59
1587596548272904,0,0,-0.16,0.38,0.29,0.11,-1.43,-0.47
1587596548302230,0,0,-0.20,0.07,0.26,-0.11,-1.73,0.05
1587596548314145,0,0,-0.20,0.04,0.37,0.49,-1.86,0.05
1587596548326672,0,0,-0.18,-0.01,0.31,0.45,-1.98,-0.12
1587596548338631,0,0,-0.13,-0.29,0.32,0.34,-1.99,-0.04
1587596548365689,0,0,-0.03,-1.01,-0.05,0.36,-1.77,0.63
1587596548376981,0,0,0.84,-1.15,-0.16,0.98,-1.47,1.11
1587596548388972,0,0,1.14,-1.13,-0.23,1.26,-1.16,1.55
1587596548398274,0,0,1.25,-1.01,-0.26,1.26,-0.90,2.02
1587596548427732,0,0,1.07,-0.82,0.21,0.15,-0.16,1.66
1587596548439746,0,0,0.83,-0.85,0.48,-0.21,0.17,1.11
1587596548452144,1,0,0.72,-0.79,0.49,-0.52,0.57,0.81
1587596548464826,1,0,0.57,-0.72,0.42,-1.04,0.48,0.58
1587596548494981,1,0,0.32,-0.65,-0.36,-1.54,-0.14,-0.23
1587596548506264,1,0,-0.28,-0.87,-1.37,-1.49,-0.56,-0.39
1587596548515739,1,0,-0.69,-0.55,-1.64,-1.14,-1.29,-0.88
1587596548527656,1,0,-1.25,-0.18,-0.78,-1.54,-1.54,-2.59
1587596548557943,1,0,-0.56,0.64,0.08,-0.98,0.92,-4.46
1587596548569240,1,0,0.09,0.92,0.29,-1.39,0.51,-4.41
1587596548578706,1,0,0.20,1.10,0.31,-1.77,0.17,-3.48
1587596548589924,1,0,0.09,1.28,0.28,-1.40,0.30,-2.51
1587596548616943,1,0,-0.39,1.54,0.67,0.31,0.95,1.29
1587596548628283,1,0,-0.20,1.61,0.55,1.49,1.26,1.95
1587596548640992,1,0,0.04,1.03,0.25,1.15,0.94,1.87
1587596548670477,1,0,0.28,0.48,0.19,0.67,0.74,0.50
1587596548682523,1,0,0.21,0.11,0.21,0.62,1.38,0.24
1587596548691990,1,0,0.15,0.11,0.24,0.72,1.47,0.14
1587596548703769,0,0,0.15,0.16,0.26,0.93,1.42,0.32
1587596548715751,0,0,0.22,0.22,0.27,1.02,1.29,0.46
1587596548742682,0,0,0.23,0.24,0.18,0.87,1.28,0.57
1587596548753985,0,0,0.03,-0.39,0.14,-0.53,1.29,0.67
1587596548765993,0,0,-0.18,-0.77,0.14,-1.04,0.99,0.57
1587596548775378,0,0,-0.31,-0.95,0.11,-1.26,0.70,0.48
1587596548804740,0,0,-0.45,-1.61,0.09,-1.47,-0.41,0.02
1587596548816732,0,0,-0.04,-1.73,0.18,-1.88,-0.74,-0.27
1587596548829443,0,0,0.21,-1.62,0.29,-1.74,-0.81,-0.52
1587596548841347,0,0,0.42,-1.38,0.51,-1.05,-0.73,-0.48
1587596548868474,0,0,0.65,-0.90,-0.11,-0.30,-0.75,0.26
1587596548879160,0,0,0.39,-0.83,-1.23,-0.06,-0.77,0.67
1587596548888647,0,0,0.08,-0.66,-1.78,0.27,-0.76,0.66
1587596548899774,0,0,-0.33,-0.60,-1.95,0.43,-0.15,0.34
1587596548926730,0,0,0.18,0.63,0.41,3.91,2.88,1.13
1587596548938170,0,0,-0.42,2.77,0.46,4.90,3.03,0.52
1587596548950637,0,0,-1.46,3.48,-0.35,1.81,1.71,-0.14
1587596548980609,0,0,-1.95,2.91,0.08,0.19,-0.13,-1.32
1587596548992682,0,0,-0.46,0.72,0.46,-0.35,-1.20,-0.83
1587596549004628,0,0,-0.15,0.26,0.54,-0.25,-1.16,-0.38
1587596549014181,0,0,-0.05,0.14,0.39,0.05,-1.32,-0.12
1587596549026124,0,0,-0.16,0.03,0.25,0.13,-1.54,-0.27
1587596549056215,0,0,-0.17,0.08,0.18,0.02,-1.76,-0.19
1587596549067655,0,0,0.01,0.04,0.34,0.43,-1.75,-0.19
1587596549077154,0,0,0.07,0.05,0.30,0.50,-1.67,-0.16
1587596549088325,0,0,0.06,-0.04,0.29,0.48,-1.63,-0.08
1587596549115269,0,0,0.09,-0.80,-0.05,0.38,-1.45,0.46
1587596549126674,0,0,0.78,-1.11,-0.21,0.52,-1.36,1.07
1587596549139394,0,0,1.08,-1.15,-0.23,0.77,-1.13,1.71
1587596549151283,0,0,1.27,-1.05,-0.22,0.66,-0.78,1.93
1587596549178498,0,0,0.95,-0.96,0.11,-0.45,-0.30,1.79
1587596549189152,0,0,0.72,-0.91,0.34,-0.77,0.10,1.44
1587596549198674,0,0,0.55,-0.85,0.44,-0.92,0.41,1.05
1587596549210144,1,0,0.40,-0.77,0.34,-1.27,0.57,0.87
1587596549237164,1,0,-0.10,-0.66,0.05,-1.86,-0.05,0.46
1587596549247944,1,0,-0.24,-0.63,-0.45,-1.84,-0.34,0.07
1587596549260628,1,0,-0.61,-0.30,-0.64,-1.60,-0.90,-1.07
1587596549290774,1,0,-0.94,0.15,-0.68,-1.85,-0.54,-3.74
1587596549302187,1,0,-0.55,0.22,-0.23,-1.65,0.18,-3.76
1587596549311674,1,0,-0.09,0.13,0.14,-1.39,0.47,-3.71
1587596549323024,1,0,0.15,0.88,0.49,-1.24,0.76,-3.32
1587596549332619,1,0,-0.01,1.28,0.46,-0.97,0.91,-2.48
1587596549361461,1,0,-0.29,1.16,0.71,-0.53,1.11,0.80
1587596549373218,1,0,-0.31,1.77,0.66,2.14,1.49,1.48
1587596549382934,1,0,-0.17,1.68,0.47,1.89,1.37,1.90
1587596549394376,1,0,0.02,1.10,0.39,0.67,1.00,1.92
1587596549421238,1,0,0.17,0.70,0.26,0.20,0.87,1.06
1587596549431909,1,0,0.31,-0.10,0.11,0.10,1.29,0.84
1587596549441412,1,0,0.36,-0.18,0.10,0.49,1.34,0.77
1587596549470547,0,0,0.42,-0.08,0.10,1.18,1.45,0.67
1587596549482664,0,0,0.39,0.05,0.02,0.90,1.60,0.62
1587596549495424,0,0,0.16,-0.17,-0.02,0.39,1.43,0.50
1587596549507394,0,0,-0.07,-0.45,0.15,0.03,1.24,0.36
1587596549516784,0,0,-0.26,-0.64,0.05,-0.31,1.05,0.10
1587596549546217,0,0,-0.74,-1.32,0.14,-0.86,-0.07,-0.19
1587596549557692,0,0,-0.44,-1.54,0.25,-1.58,-0.42,-0.33
1587596549567200,0,0,-0.17,-1.54,0.32,-1.58,-0.62,-0.47
1587596549578412,0,0,0.15,-1.36,0.41,-1.32,-0.77,-0.42
1587596549605507,0,0,0.34,-0.94,0.44,-1.00,-1.02,0.19
1587596549616151,0,0,0.71,-0.82,-0.37,-0.66,-1.17,0.55
1587596549625629,0,0,0.57,-0.77,-1.11,-0.55,-1.20,1.21
1587596549637534,0,0,0.26,-0.53,-1.75,-0.10,-1.22,1.13
1587596549667726,0,0,0.20,-0.57,-0.60,1.77,2.17,1.19
1587596549679147,0,0,-0.06,0.72,0.14,5.10,2.10,1.24
1587596549688649,0,0,-0.61,1.86,0.45,5.51,2.56,0.20
1587596549699732,0,0,-1.55,3.09,0.09,3.22,1.67,-0.52
1587596549726735,0,0,-1.41,2.21,-0.17,0.99,-1.13,-1.71
1587596549738160,0,0,-0.79,1.40,0.19,0.24,-1.55,-1.26
1587596549750901,0,0,-0.34,0.93,0.30,-0.24,-1.55,-0.92
1587596549780271,0,0,-0.04,0.57,0.18,-0.33,-1.90,-0.64
1587596549789655,0,0,-0.10,0.06,0.08,0.07,-2.17,-0.28
1587596549800945,0,0,-0.08,0.01,0.09,0.55,-1.99,-0.13
1587596549813687,0,0,0.02,0.02,0.18,0.95,-1.75,-0.07
1587596549825599,0,0,0.00,0.07,0.22,1.05,-1.70,0.08
1587596549852490,0,0,-0.05,-0.01,0.09,0.95,-1.68,0.59
1587596549863855,0,0,0.43,-0.94,-0.11,0.67,-1.56,0.94
1587596549875878,0,0,0.83,-1.17,-0.23,0.56,-1.36,1.27
1587596549885314,0,0,1.03,-1.19,-0.28,0.51,-1.16,1.76
1587596549914846,0,0,1.29,-1.12,-0.19,0.33,-0.21,2.03
1587596549926248,0,0,1.05,-0.97,0.08,-0.04,-0.10,1.74
1587596549935718,0,0,0.76,-0.90,0.34,-0.11,0.18,1.19
1587596549946984,0,0,0.50,-0.79,0.53,-0.38,0.54,0.79
1587596549974034,0,0,0.44,-0.75,0.21,-0.82,0.44,0.35
1587596549985108,1,0,0.17,-0.65,-0.15,-1.97,0.07,0.08
1587596549997676,1,0,-0.21,-0.58,-1.13,-1.60,-0.45,-0.34
1587596550010145,1,0,-0.74,0.06,-0.90,-1.21,-1.40,-1.02
1587596550037165,1,0,-1.26,0.27,-0.88,-3.12,0.19,-3.58
1587596550047885,1,0,-0.65,0.10,-0.33,-2.18,0.09,-3.49
1587596550057390,1,0,-0.27,-0.05,0.07,-1.82,0.08,-3.91
1587596550068576,1,0,0.10,0.65,0.39,-1.89,0.37,-3.66
1587596550095752,1,0,0.06,1.28,0.49,-2.00,1.17,-1.50
1587596550106395,1,0,-0.51,1.28,0.59,-0.27,1.02,-0.34
1587596550115894,1,0,-0.49,1.46,0.61,0.96,1.12,1.11
1587596550127129,1,0,-0.19,1.47,0.26,1.52,1.25,1.52
1587596550154013,1,0,-0.06,0.58,0.35,0.94,1.02,1.17
1587596550165431,1,0,0.22,0.23,0.29,0.19,1.19,0.84
1587596550177763,0,0,0.15,0.07,0.13,0.32,1.20,0.76
1587596550190268,0,0,0.12,0.02,0.05,0.81,1.19,0.78
1587596550217188,0,0,0.35,0.18,0.04,1.59,1.26,0.62
1587596550227894,0,0,0.30,0.21,0.00,1.19,1.27,0.45
1587596550237444,0,0,0.19,0.10,0.09,0.62,1.17,0.36
1587596550248576,0,0,0.03,-0.24,0.10,-0.39,0.98,0.26
1587596550275513,0,0,-0.06,-1.09,0.19,-0.97,0.45,0.04
1587596550286888,0,0,-0.40,-1.38,0.17,-1.59,-0.03,0.08
1587596550298896,0,0,-0.40,-1.57,0.14,-1.40,-0.34,0.05
1587596550308235,0,0,-0.25,-1.58,0.11,-1.28,-0.52,-0.16
1587596550337720,0,0,0.35,-1.06,0.24,-0.62,-0.85,-0.40
1587596550349692,0,0,0.59,-0.88,0.42,-0.45,-0.80,-0.20
1587596550361673,0,0,0.79,-0.79,0.17,-0.67,-0.72,0.08
1587596550371193,0,0,0.81,-0.75,-0.47,-0.76,-0.69,0.55
1587596550400539,0,0,0.54,-0.71,-2.01,-0.51,-0.65,0.43
1587596550412602,0,0,0.24,-0.83,-0.85,0.61,2.21,0.63
1587596550424400,0,0,0.16,0.37,0.12,3.65,2.49,1.55
1587596550433846,0,0,-0.36,1.68,0.28,5.22,2.65,1.32
1587596550463221,0,0,-1.40,2.80,-0.88,3.48,2.23,-1.85
1587596550475213,0,0,-1.45,2.03,-0.08,0.42,-0.93,-2.00
1587596550487932,0,0,-0.63,1.18,0.38,-0.12,-1.15,-1.41
1587596550499755,0,0,-0.25,0.74,0.35,-0.19,-1.11,-0.98
1587596550526734,0,0,-0.07,0.24,0.09,-0.14,-1.67,-0.35
1587596550538160,0,0,-0.19,0.15,0.06,-0.16,-1.72,-0.33
1587596550550433,0,0,-0.17,0.12,0.12,-0.05,-1.71,-0.20
1587596550559736,0,0,-0.11,0.11,0.20,0.09,-1.66,-0.10
1587596550588621,0,0,-0.04,0.05,0.25,0.35,-1.44,0.09
1587596550600689,0,0,0.03,-0.30,0.12,0.24,-1.41,0.03
1587596550610160,0,0,0.12,-0.54,0.06,0.26,-1.31,0.25
1587596550621244,0,0,0.48,-0.90,-0.11,0.24,-1.27,0.50
1587596550648264,0,0,1.33,-1.09,-0.35,0.09,-0.84,1.87
1587596550659644,0,0,1.42,-0.97,-0.27,-0.11,-0.59,2.04
1587596550671993,1,0,1.30,-0.88,0.05,-0.45,-0.32,1.93
1587596550684604,1,0,0.92,-0.80,0.31,-0.73,-0.14,1.52
1587596550714778,1,0,0.52,-0.79,0.32,-0.95,0.58,0.88
1587596550726177,1,0,0.06,-0.91,0.28,-2.06,0.46,0.81
1587596550735668,1,0,0.02,-0.87,0.00,-1.97,0.30,0.60
1587596550746984,1,0,-0.21,-0.70,-0.79,-1.57,-0.24,0.19
1587596550774005,1,0,-0.54,0.11,-0.28,-1.24,-0.83,-2.52
1587596550785411,1,0,-1.39,0.46,-0.85,-1.78,0.38,-3.55
1587596550797444,1,0,-0.97,0.40,-0.56,-0.98,-0.04,-3.79
1587596550806881,1,0,-0.48,0.12,-0.18,-0.66,-0.30,-3.90
1587596550836311,1,0,0.00,1.36,0.34,-1.53,0.54,-2.53
1587596550847660,1,0,-0.22,1.24,0.35,-1.10,0.83,-1.72
1587596550857149,1,0,-0.44,1.21,0.50,-0.29,0.81,-0.20
1587596550868448,1,0,-0.50,1.52,0.58,1.49,0.81,0.92
1587596550895491,1,0,-0.33,1.41,0.34,2.27,0.65,1.83
1587596550906872,1,0,0.25,0.91,0.35,0.73,0.44,1.33
1587596550918984,1,0,0.33,0.33,0.22,0.04,0.49,1.06
1587596550928334,1,0,0.32,0.04,0.11,-0.07,0.70,0.82
1587596550957949,1,0,0.51,-0.07,0.07,1.37,1.42,0.56
1587596550969633,0,0,0.52,0.12,0.11,1.73,1.64,0.51
1587596550981691,0,0,0.43,0.12,0.05,1.33,1.69,0.37
1587596550991231,0,0,0.23,0.09,0.07,0.82,1.55,0.32
1587596551019858,0,0,-0.10,-0.18,0.08,0.11,1.35,0.14
1587596551029431,0,0,-0.56,-0.88,0.07,-1.11,0.73,-0.13
1587596551040779,0,0,-0.60,-1.11,0.05,-1.47,0.07,-0.05
1587596551070066,0,0,-0.47,-1.40,0.21,-1.65,-0.32,-0.10
1587596551079565,0,0,0.27,-1.53,0.22,-1.93,-0.86,-0.04
1587596551090875,0,0,0.42,-1.27,0.38,-1.49,-0.84,-0.04
1587596551103497,0,0,0.62,-1.02,0.40,-0.88,-0.68,0.03
1587596551116101,0,0,0.81,-0.83,0.22,-0.80,-0.67,0.22
1587596551146214,0,0,0.29,-0.67,-1.80,-0.77,-0.88,0.85
1587596551157686,0,0,-0.16,-0.84,-1.97,0.40,0.28,0.62
1587596551167203,0,0,-0.19,-0.62,-1.29,1.25,1.70,1.14
1587596551178380,0,0,-0.19,0.23,-0.09,4.01,2.23,1.67
1587596551205447,0,0,-0.37,3.32,-0.18,5.41,1.92,-0.45
1587596551216725,0,0,-1.63,2.84,-0.65,0.49,0.57,-1.49
1587596551228735,0,0,-1.34,2.22,-0.27,0.32,-0.63,-1.74
1587596551238155,0,0,-0.87,1.66,0.12,0.12,-0.93,-1.23
1587596551267651,0,0,0.03,0.55,0.42,-0.14,-1.13,-0.46
1587596551279045,0,0,-0.02,0.17,0.29,-0.07,-1.41,-0.36
1587596551288657,0,0,-0.08,-0.04,0.18,-0.04,-1.51,-0.18
1587596551299844,0,0,-0.12,0.02,0.22,0.38,-1.54,-0.11
1587596551326996,0,0,-0.25,0.23,0.33,0.69,-1.53,-0.13
1587596551337641,0,0,-0.23,-0.03,0.37,0.42,-1.56,0.00
1587596551347141,0,0,-0.12,-0.26,0.29,0.41,-1.61,0.12
1587596551358953,0,0,0.13,-0.71,0.12,0.52,-1.65,0.42
1587596551388497,0,0,1.07,-1.10,-0.27,0.97,-1.17,1.78
1587596551400465,0,0,1.30,-1.04,-0.31,0.80,-0.77,1.94
1587596551409982,0,0,1.35,-0.93,-0.25,0.57,-0.50,2.00
1587596551421891,0,0,1.28,-0.83,-0.00,0.13,-0.14,1.68
1587596551448875,0,0,0.75,-0.63,0.32,-1.12,0.62,0.70
1587596551459624,0,0,0.63,-0.55,0.23,-1.63,0.72,0.52
1587596551471694,1,0,0.44,-0.55,0.15,-2.32,0.63,0.33
1587596551481225,1,0,0.32,-0.59,0.00,-2.50,0.47,0.08
1587596551510563,1,0,0.10,-0.62,-1.14,-2.36,0.27,-0.60
1587596551521921,1,0,-0.92,-0.18,-0.55,-1.78,-0.80,-1.53
1587596551531500,1,0,-1.37,-0.07,-0.40,-2.34,0.10,-3.17
1587596551560239,1,0,-1.83,0.19,0.26,-2.45,1.19,-3.65
1587596551569712,1,0,-0.04,0.63,0.47,-1.53,0.56,-3.89
1587596551581127,1,0,-0.06,1.24,0.41,-1.64,0.34,-2.74
1587596551593145,1,0,-0.26,1.29,0.37,-1.23,0.61,-1.64
1587596551602671,1,0,-0.28,1.18,0.41,-0.62,0.70,0.06
1587596551632022,1,0,-0.37,1.31,0.25,0.70,0.93,2.22
1587596551643394,1,0,0.19,1.07,0.21,0.88,0.89,2.13
1587596551652867,1,0,0.31,0.75,0.28,0.61,0.75,1.55
1587596551664171,1,0,0.34,0.29,0.32,0.26,0.85,1.08
1587596551691048,1,0,0.27,0.03,0.11,0.20,0.95,0.61
1587596551702191,0,0,0.19,-0.06,0.08,1.54,1.10,0.60
1587596551711905,0,0,0.22,0.06,0.19,1.87,1.22,0.57
1587596551723325,0,0,0.23,0.19,0.21,1.60,1.28,0.38
1587596551753469,0,0,0.10,-0.31,0.30,0.69,0.98,0.10
1587596551764859,0,0,-0.27,-0.73,0.28,-1.01,0.69,0.01
1587596551774418,0,0,-0.34,-1.00,0.18,-1.29,0.41,0.05
1587596551785765,0,0,-0.39,-1.24,0.01,-1.31,-0.10,0.20
1587596551812723,0,0,-0.36,-1.36,0.01,-1.19,-0.43,-0.06
1587596551824031,0,0,0.18,-1.34,0.00,-1.11,-0.99,-0.32
1587596551836098,0,0,0.37,-1.22,0.27,-0.82,-0.92,-0.28
1587596551845516,0,0,0.50,-1.06,0.46,-0.62,-0.83,-0.09
1587596551874958,0,0,0.72,-0.84,-0.82,-0.58,-0.57,0.89
1587596551886257,0,0,0.46,-0.69,-1.58,-0.37,-0.75,0.99
1587596551895670,0,0,0.21,-0.62,-1.79,-0.08,-0.41,0.56
1587596551907568,0,0,0.16,-0.64,-1.12,0.64,1.30,0.67
1587596551937763,0,0,-0.62,2.11,0.07,4.48,2.43,0.58
1587596551949136,0,0,-1.51,2.66,-0.60,2.20,1.83,-0.38
1587596551958675,0,0,-1.65,2.65,-0.69,1.29,1.03,-1.36
1587596551969809,0,0,-1.55,2.47,-0.38,1.01,-0.27,-1.79
1587596551996878,0,0,-0.32,1.02,0.41,0.13,-1.10,-0.69
1587596552008204,0,0,-0.15,0.72,0.37,0.13,-1.32,-0.31
1587596552020924,0,0,-0.03,0.33,0.21,-0.02,-1.61,-0.18
1587596552050275,0,0,-0.12,0.13,0.24,-0.24,-1.73,-0.21
1587596552059769,0,0,-0.07,-0.05,0.34,0.12,-1.73,-0.18
1587596552071234,0,0,-0.02,-0.08,0.37,0.39,-1.69,-0.31
1587596552083199,0,0,-0.03,-0.02,0.32,0.57,-1.63,-0.25
1587596552092690,0,0,-0.07,-0.09,0.26,0.58,-1.59,-0.07
1587596552121785,1,0,0.08,-0.42,-0.03,0.41,-1.57,0.58
1587596552133944,1,0,0.90,-1.15,-0.10,0.82,-1.23,1.24
1587596552145934,1,0,1.18,-1.12,-0.25,0.92,-0.97,1.58
1587596552155339,1,0,1.28,-0.95,-0.20,0.75,-0.77,1.95
1587596552184773,1,0,1.25,-0.73,0.39,0.19,-0.00,1.52
1587596552196756,1,0,0.76,-0.77,0.62,-1.17,0.42,1.19
1587596552208746,1,0,0.61,-0.75,0.66,-1.47,0.76,1.05
1587596552218053,1,0,0.47,-0.75,0.57,-1.75,0.66,1.02
1587596552247554,1,0,-0.23,-0.88,-1.02,-1.79,-0.49,0.19
1587596552259614,1,0,-0.66,-0.56,-1.01,-1.03,-1.55,-0.67
1587596552271666,1,0,-1.09,-0.28,-0.42,-1.04,-0.91,-2.00
1587596552281234,1,0,-1.46,0.10,-0.57,-1.25,0.42,-3.47
1587596552309823,1,0,-1.06,0.58,-0.62,-0.79,0.94,-3.90
1587596552319413,1,0,0.26,0.88,0.49,-1.42,0.66,-3.68
1587596552330778,1,0,0.19,1.36,0.28,-1.58,1.15,-2.76
1587596552360235,1,0,-0.05,1.25,0.72,-1.16,1.32,-1.85
1587596552369713,1,0,-0.36,1.68,0.60,2.00,1.53,1.74
1587596552381126,1,0,-0.26,1.53,0.30,2.04,1.33,2.22
1587596552393471,0,0,-0.02,1.03,0.30,1.02,0.88,1.94
1587596552406167,0,0,0.15,0.52,0.38,0.35,0.73,1.35
1587596552436231,0,0,0.28,-0.26,0.11,-0.21,0.99,0.80
1587596552447645,0,0,0.43,-0.18,0.13,1.13,1.09,0.73
1587596552457144,0,0,0.49,-0.05,0.16,1.50,1.29,0.69
1587596552468415,0,0,0.51,0.06,0.20,1.41,1.47,0.63
1587596552495473,0,0,0.43,-0.34,0.13,0.93,1.35,0.39
1587596552506161,0,0,-0.16,-0.68,0.17,-0.39,1.16,0.22
1587596552515575,0,0,-0.34,-0.87,0.11,-0.65,0.95,0.09
1587596552527249,0,0,-0.53,-1.07,0.07,-0.97,0.43,0.02
1587596552554197,0,0,-0.56,-1.50,0.12,-1.19,-0.57,-0.20
1587596552564867,0,0,0.16,-1.52,0.19,-1.81,-0.74,-0.28
1587596552574432,0,0,0.37,-1.39,0.31,-1.53,-0.69,-0.41
1587596552585748,0,0,0.54,-1.14,0.51,-0.70,-0.61,-0.28
1587596552612759,0,0,0.62,-0.96,-0.22,-0.44,-0.58,0.45
1587596552623428,0,0,0.37,-0.74,-1.27,-0.13,-1.04,0.87
1587596552632949,0,0,0.06,-0.64,-1.79,0.26,-1.06,0.95
1587596552644936,0,0,-0.39,-0.76,-1.89,0.65,-0.27,0.54
1587596552675028,0,0,-0.32,1.38,0.41,1.98,1.81,1.09
1587596552686426,0,0,-1.05,2.71,0.27,3.60,1.50,0.42
1587596552695910,0,0,-1.34,2.81,-0.12,1.79,0.84,-0.29
1587596552707091,0,0,-1.50,2.50,-0.43,0.93,-0.30,-1.10
1587596552733977,0,0,-1.28,1.21,0.18,0.99,-1.38,-0.99
1587596552745276,0,0,0.05,0.73,0.38,-0.14,-1.45,-0.62
1587596552757997,0,0,0.21,0.49,0.40,-0.04,-1.67,-0.52
1587596552769812,0,0,0.10,0.23,0.33,0.05,-1.82,-0.52
1587596552796878,0,0,-0.03,0.20,0.20,0.68,-1.68,-0.24
1587596552808223,0,0,-0.03,0.36,0.26,0.78,-1.67,-0.06
1587596552820896,0,0,-0.03,0.04,0.30,0.45,-1.72,0.18
1587596552850275,0,0,0.08,-0.39,0.01,0.39,-1.73,0.28
1587596552859769,0,0,0.67,-1.16,-0.15,0.97,-1.56,1.24
1587596552871154,0,0,0.89,-1.22,-0.30,1.20,-1.45,1.79
1587596552883395,0,0,1.09,-1.14,-0.28,1.02,-1.07,1.99
1587596552892895,0,0,1.13,-1.05,-0.17,0.63,-0.86,2.13
1587596552921644,0,0,1.04,-0.95,0.34,-0.10,-0.50,1.34
1587596552933321,1,0,0.59,-0.75,0.42,-0.97,0.36,1.01
1587596552942690,1,0,0.49,-0.67,0.38,-1.20,0.35,0.79
1587596552954685,1,0,0.38,-0.61,0.32,-1.72,0.19,0.52
1587596552984769,1,0,0.23,-0.77,-0.14,-1.95,-0.30,-0.34
1587596552996748,1,0,-0.16,-0.64,-0.71,-1.54,-0.40,-0.94
1587596553008702,1,0,-0.68,-0.31,-1.01,-1.54,-0.57,-1.49
1587596553018046,1,0,-0.99,-0.01,-0.73,-1.82,-0.63,-2.62
1587596553047644,1,0,-0.27,0.32,0.18,-1.19,1.38,-4.03
1587596553059680,1,0,0.08,0.56,0.58,-0.75,0.99,-3.49
1587596553071732,1,0,-0.07,1.42,0.83,-0.18,0.49,-2.59
1587596553081247,1,0,-0.30,1.51,0.62,0.04,0.59,-1.21
1587596553109926,1,0,-0.45,1.44,0.48,0.18,0.78,-0.21
1587596553119455,1,0,0.07,1.43,0.36,1.42,1.04,1.96
1587596553130894,1,0,0.23,1.02,0.34,1.16,0.71,1.93
1587596553160297,1,0,0.31,0.72,0.25,0.99,0.66,1.52
1587596553169816,1,0,0.27,-0.04,0.21,0.50,0.97,0.85
1587596553180503,1,0,0.28,-0.04,0.19,1.13,1.11,0.79
1587596553190013,1,0,0.31,0.09,0.19,1.45,1.18,0.65
1587596553201491,0,0,0.35,0.27,0.23,1.31,1.36,0.42
1587596553228601,0,0,0.03,-0.13,0.17,-0.03,1.24,0.14
1587596553239299,0,0,-0.03,-0.43,0.22,-0.34,1.00,0.13
1587596553248878,0,0,-0.15,-0.62,0.24,-0.61,0.80,0.13
1587596553260206,0,0,-0.36,-0.89,0.11,-1.06,0.37,0.16
1587596553287251,0,0,-0.22,-1.38,0.13,-1.35,-0.45,-0.07
1587596553297888,0,0,-0.01,-1.39,0.14,-1.36,-0.80,-0.22
1587596553307399,0,0,0.17,-1.35,0.17,-1.33,-0.83,-0.31
1587596553318631,0,0,0.43,-1.27,0.35,-1.21,-0.85,-0.26
1587596553345633,0,0,0.58,-0.96,-0.27,-1.00,-0.66,0.65
1587596553356815,0,0,0.42,-0.80,-1.32,-0.46,-0.62,1.17
1587596553369452,0,0,0.05,-0.60,-1.77,-0.31,-0.53,0.73
1587596553399502,0,0,-0.06,-0.76,-1.74,-0.18,0.89,0.37
1587596553408976,0,0,-0.15,0.56,0.08,5.73,2.68,1.34
1587596553419622,0,0,-0.88,2.79,0.43,5.44,2.81,0.37
1587596553432406,0,0,-2.08,3.45,-0.68,2.03,1.59,-1.12
1587596553444345,0,0,-2.44,3.04,-0.60,0.68,-0.25,-2.01
1587596553471291,0,0,-1.87,2.23,0.39,0.65,-1.20,-1.13
1587596553482644,0,0,-0.18,0.57,0.37,-0.42,-1.61,-0.46
1587596553494705,0,0,0.07,0.33,0.28,-0.29,-1.95,-0.33
1587596553504275,0,0,0.04,0.14,0.22,-0.27,-2.07,-0.22
1587596553532984,0,0,-0.05,-0.13,0.19,-0.24,-1.99,-0.23
1587596553544981,0,0,0.16,-0.19,0.31,0.51,-1.56,-0.25
1587596553554487,0,0,0.16,-0.12,0.34,0.71,-1.40,-0.08
1587596553565757,0,0,0.21,-0.27,0.25,0.69,-1.31,0.05
1587596553592730,0,0,0.25,-0.42,-0.13,0.59,-1.29,0.72
1587596553604121,0,0,0.97,-1.14,-0.22,0.35,-1.01,1.21
1587596553616167,0,0,1.27,-1.16,-0.30,0.34,-0.65,1.66
1587596553625586,0,0,1.39,-1.13,-0.30,0.28,-0.43,2.15
1587596553655029,0,0,1.43,-0.95,0.31,0.07,-0.02,1.85
1587596553666415,0,0,0.60,-0.90,0.57,-0.43,0.37,1.48
1587596553675981,0,0,0.42,-0.81,0.66,-0.62,0.60,0.97
1587596553687608,1,0,0.26,-0.83,0.48,-1.34,0.66,0.93
1587596553717726,1,0,-0.04,-0.69,-0.48,-1.94,-0.27,-0.09
1587596553729747,1,0,-0.43,-0.80,-1.15,-1.54,-1.14,-0.71
1587596553741730,1,0,-0.76,-0.00,-0.46,-1.08,-1.78,-1.42
1587596553751235,1,0,-1.01,0.00,-0.44,-1.66,-0.89,-3.15
1587596553780581,1,0,-1.28,0.34,-0.09,-2.22,0.44,-3.87
1587596553791974,1,0,0.05,0.38,0.34,-1.73,0.57,-3.93
1587596553801463,1,0,0.21,0.92,0.37,-1.71,0.74,-3.18
1587596553830784,1,0,0.07,1.22,0.63,-1.62,1.25,-0.23
1587596553842896,1,0,-0.48,1.55,0.66,1.52,1.41,1.28
1587596553854927,1,0,-0.18,1.74,0.41,2.22,1.54,1.63
1587596553864440,1,0,-0.03,1.36,0.38,1.43,1.26,1.73
1587596553875707,1,0,0.21,0.79,0.30,0.50,0.89,1.44
1587596553902685,1,0,0.27,0.48,0.14,0.32,0.89,0.54
1587596553914008,1,0,0.19,-0.08,0.19,0.45,1.30,0.63
1587596553925997,1,0,0.26,-0.06,0.07,1.04,1.41,0.72
1587596553935410,1,0,0.33,0.02,0.10,1.41,1.38,0.80
1587596553964873,1,0,0.40,0.07,0.08,1.57,1.42,0.49
1587596553976664,0,0,0.02,-0.24,0.18,-0.19,1.32,0.23
1587596553989192,0,0,-0.15,-0.70,0.20,-0.93,1.12,0.04
1587596554001552,0,0,-0.34,-1.04,0.07,-1.39,0.77,-0.11
1587596554028661,0,0,-0.21,-1.61,0.11,-1.94,-0.29,-0.27
1587596554039293,0,0,0.01,-1.69,0.14,-2.04,-0.69,-0.33
1587596554048859,0,0,0.22,-1.58,0.19,-1.87,-0.71,-0.43
1587596554060470,0,0,0.47,-1.34,0.35,-1.24,-0.58,-0.53
1587596554088691,0,0,0.89,-0.83,0.48,-0.59,-0.44,-0.01
1587596554098225,0,0,0.92,-0.81,-0.01,-0.62,-0.46,0.35
1587596554110906,0,0,0.62,-0.87,-1.30,-0.41,-0.46,0.99
1587596554140248,0,0,0.12,-0.63,-1.77,0.09,-0.56,1.06
1587596554149713,0,0,-0.23,-0.37,-0.77,2.05,2.86,1.58
1587596554160990,0,0,-0.25,1.10,0.20,5.25,2.85,0.95
1587596554173690,0,0,-0.94,2.93,0.41,4.53,2.83,-0.36
1587596554185625,0,0,-1.58,3.20,-0.32,1.18,1.55,-1.17
1587596554212502,0,0,-1.79,2.69,-0.01,0.43,0.45,-1.42
1587596554223763,0,0,-0.52,0.87,0.27,-0.14,-1.09,-0.78
1587596554236394,0,0,-0.20,0.53,0.32,-0.52,-1.29,-0.38
1587596554248881,0,0,-0.17,0.30,0.28,-0.27,-1.58,-0.55
1587596554278427,0,0,-0.14,0.14,0.10,0.51,-2.07,-0.30
1587596554290398,0,0,-0.06,0.35,0.23,0.69,-1.96,-0.31
1587596554299873,0,0,-0.04,0.34,0.21,0.51,-1.97,-0.31
1587596554311731,0,0,-0.00,0.01,0.25,0.18,-1.95,0.00
1587596554338685,0,0,0.47,-0.95,-0.12,0.56,-1.76,0.46
1587596554349430,0,0,0.69,-1.18,-0.30,0.69,-1.73,0.84
1587596554361734,1,0,1.03,-1.20,-0.29,0.82,-1.65,1.52
1587596554371232,1,0,1.18,-1.16,-0.29,0.74,-1.49,2.04
1587596554400521,1,0,1.33,-1.10,0.18,0.57,-0.98,1.91
1587596554411671,1,0,0.86,-0.89,0.33,-0.47,0.04,1.53
1587596554421122,1,0,0.66,-0.76,0.36,-0.79,0.23,0.97
1587596554450519,1,0,0.43,-0.66,-0.09,-1.48,0.20,0.34
1587596554462475,1,0,0.10,-0.76,-0.58,-2.39,-0.17,-0.03
1587596554475127,1,0,-0.28,-0.81,-0.97,-2.04,-0.74,-0.49
1587596554487880,1,0,-0.55,-0.12,-0.24,-1.79,-0.89,-1.55
1587596554499687,1,0,-1.00,0.16,-0.48,-2.35,0.48,-2.78
1587596554526682,1,0,-0.59,0.11,0.08,-1.26,0.65,-4.03
1587596554537958,1,0,-0.21,0.27,0.59,-0.96,0.65,-3.80
1587596554550685,1,0,-0.07,1.06,0.65,-1.11,0.78,-2.85
1587596554579999,1,0,-0.22,1.21,0.57,-1.08,1.06,-2.00
1587596554589483,1,0,-0.24,1.52,0.50,1.30,1.27,1.75
1587596554600797,1,0,-0.02,1.75,0.22,1.78,1.43,2.14
1587596554613441,1,0,0.26,1.27,0.23,0.81,1.18,1.85
1587596554625855,1,0,0.45,0.69,0.23,0.23,0.92,1.17
1587596554655961,1,0,0.27,-0.14,0.08,-0.08,1.46,0.41
1587596554667617,0,0,0.24,-0.06,0.16,0.89,1.54,0.36
1587596554677122,0,0,0.22,0.07,0.15,1.19,1.53,0.34
1587596554688313,0,0,0.15,0.16,0.11,0.96,1.38,0.38
1587596554715376,0,0,0.05,-0.38,0.14,0.50,1.10,0.42
1587596554726009,0,0,-0.26,-0.73,0.15,-0.83,0.87,0.30
1587596554735475,0,0,-0.34,-0.97,0.13,-1.05,0.63,0.25
1587596554747334,0,0,-0.44,-1.28,0.02,-1.16,0.14,0.25
1587596554777463,0,0,-0.08,-1.64,0.03,-1.41,-0.86,-0.23
1587596554788794,0,0,0.20,-1.51,0.14,-1.52,-0.97,-0.37
1587596554798426,0,0,0.34,-1.37,0.29,-1.26,-1.00,-0.33
1587596554809620,0,0,0.57,-1.12,0.46,-0.77,-0.86,-0.27
1587596554836622,0,0,0.46,-0.87,-1.20,-0.51,-0.81,0.68
1587596554847949,0,0,0.17,-0.66,-1.75,-0.08,-0.77,0.56
1587596554860602,0,0,-0.04,-0.64,-1.65,0.46,0.41,0.47
1587596554889993,0,0,0.26,-0.27,0.40,2.02,1.97,0.77
1587596554899480,0,0,-1.05,2.62,0.11,3.66,2.41,-0.07
1587596554910945,0,0,-1.38,2.96,-0.62,1.28,1.25,-1.14
1587596554922914,0,0,-1.68,2.84,-0.41,0.63,-0.23,-1.56
1587596554932390,0,0,-1.37,2.13,0.02,0.47,-1.00,-1.64
1587596554961731,0,0,-0.72,1.16,0.44,0.09,-1.13,-0.35
1587596554973702,0,0,-0.09,0.34,0.33,0.06,-1.51,-0.12
1587596554985702,0,0,-0.15,-0.01,0.17,-0.24,-1.83,-0.21
1587596554995126,0,0,-0.18,-0.09,0.17,-0.29,-1.87,-0.22
1587596555024526,0,0,-0.04,-0.19,0.30,-0.14,-1.72,0.02
1587596555036364,0,0,0.15,-0.20,0.27,0.56,-1.65,-0.10
1587596555048897,0,0,0.14,-0.27,0.16,0.66,-1.44,-0.00
1587596555061434,0,0,0.30,-0.66,-0.04,0.61,-1.41,0.27
1587596555088476,0,0,1.08,-1.24,-0.28,1.21,-1.17,1.49
1587596555099127,0,0,1.25,-1.14,-0.23,1.17,-0.92,2.01
1587596555111496,1,0,1.30,-1.00,-0.13,0.69,-0.54,2.12
1587596555120889,1,0,1.17,-0.90,0.03,0.25,-0.30,2.12
1587596555148410,1,0,0.52,-0.82,0.47,-0.86,0.50,1.23
1587596555157920,1,0,0.42,-0.79,0.48,-1.21,0.54,1.02
1587596555170658,1,0,0.29,-0.79,0.26,-1.86,0.49,0.86
1587596555200002,1,0,0.18,-0.81,-0.88,-2.14,0.13,0.56
1587596555209459,1,0,-0.53,-0.69,-0.95,-1.33,-1.09,-0.77
1587596555220786,1,0,-0.75,-0.07,-0.48,-1.17,-0.99,-2.33
1587596555232955,1,0,-1.25,0.30,-0.61,-1.83,0.42,-3.28
1587596555242426,1,0,-1.20,0.51,-0.57,-1.83,0.73,-3.86
1587596555271035,1,0,-0.42,0.23,0.58,-1.50,0.48,-3.88
1587596555283108,1,0,0.10,1.33,0.49,-1.61,1.07,-3.13
1587596555292618,1,0,-0.13,1.32,0.52,-1.41,1.29,-1.84
1587596555303894,1,0,-0.53,1.21,0.70,-0.35,1.16,-0.66
1587596555330769,1,0,-0.61,1.45,0.35,0.87,1.12,1.95
1587596555342194,1,0,0.12,1.16,0.33,1.01,0.83,1.89
1587596555354895,1,0,0.33,0.66,0.37,0.53,0.66,1.23
1587596555366748,1,0,0.34,0.17,0.20,0.12,0.70,1.03
1587596555393701,1,0,0.30,-0.22,0.13,0.10,1.01,0.84
1587596555405101,1,0,0.39,-0.08,0.16,1.69,1.35,0.83
1587596555417496,0,0,0.44,0.06,0.06,1.74,1.46,0.72
1587596555429937,0,0,0.30,-0.04,0.03,1.12,1.36,0.52
1587596555458494,0,0,-0.19,-0.83,0.18,-0.44,0.99,-0.01
1587596555467872,0,0,-0.33,-0.98,0.05,-0.68,0.72,-0.02
1587596555479961,0,0,-0.51,-1.14,-0.00,-0.93,0.02,0.04
1587596555489277,0,0,-0.49,-1.25,0.02,-1.12,-0.37,-0.12
1587596555518682,0,0,0.30,-1.48,0.27,-1.65,-0.95,-0.47
1587596555530666,0,0,0.56,-1.26,0.47,-1.00,-0.76,-0.34
1587596555543269,0,0,0.76,-0.97,0.51,-0.49,-0.65,0.03
1587596555555216,0,0,0.87,-0.70,0.05,-0.60,-0.61,0.27
1587596555582120,0,0,0.76,-0.76,-1.69,-0.73,-0.76,0.84
1587596555593398,0,0,-0.11,-0.92,-1.93,-0.09,0.23,0.37
1587596555606211,0,0,-0.02,-0.63,-0.84,1.46,2.76,1.40
1587596555618036,0,0,-0.18,0.65,0.02,5.09,2.47,1.99
1587596555645123,0,0,-0.61,3.24,-0.39,5.81,1.54,-0.77
1587596555655748,0,0,-1.90,2.80,-0.48,0.63,-0.04,-1.73
1587596555665120,0,0,-1.49,2.20,-0.17,0.86,-0.89,-1.74
1587596555676795,0,0,-0.70,1.40,0.14,0.23,-1.33,-1.09
1587596555703772,0,0,-0.27,0.33,0.31,-0.37,-1.42,-0.33
1587596555714415,0,0,0.13,0.11,0.29,-0.05,-1.43,-0.43
1587596555723909,0,0,0.03,0.04,0.24,0.14,-1.45,-0.47
1587596555735840,0,0,-0.02,0.04,0.15,0.39,-1.43,-0.19
1587596555765975,0,0,-0.08,0.23,0.32,0.68,-1.52,-0.14
1587596555777462,0,0,-0.09,-0.07,0.35,0.13,-1.54,-0.03
1587596555786919,0,0,-0.01,-0.42,0.24,0.04,-1.49,0.16
1587596555798174,0,0,0.27,-0.94,-0.03,0.17,-1.43,0.39
1587596555825192,0,0,0.54,-1.24,-0.34,0.44,-1.01,1.77
1587596555836234,1,0,1.30,-1.13,-0.28,0.91,-0.65,2.03
1587596555848962,1,0,1.35,-0.95,-0.09,0.47,-0.17,2.17
1587596555860713,1,0,1.11,-0.86,0.08,-0.20,0.10,1.91
1587596555887764,1,0,0.52,-0.70,0.39,-1.31,0.63,0.82
1587596555899124,1,0,0.41,-0.69,0.29,-1.91,0.48,0.58
1587596555911757,1,0,0.26,-0.71,0.13,-2.23,0.27,0.29
1587596555924376,1,0,0.08,-0.59,-0.18,-2.11,0.13,-0.18
1587596555954524,1,0,-0.15,-0.06,-0.71,-1.78,-0.95,-1.98
1587596555965941,1,0,-1.22,0.09,-0.50,-2.44,-0.07,-2.92
1587596555975458,1,0,-1.54,0.13,-0.45,-2.55,0.63,-3.60
1587596555986741,1,0,-0.72,0.08,-0.02,-1.80,0.75,-3.80
1587596556013756,1,0,-0.14,1.08,0.63,-1.39,0.53,-2.83
1587596556024438,1,0,-0.29,1.31,0.58,-0.52,0.68,-1.95
1587596556033946,1,0,-0.37,1.25,0.53,0.00,0.77,-0.43
1587596556045284,1,0,-0.44,1.43,0.57,1.16,0.89,0.82
1587596556072249,1,0,-0.23,1.65,0.25,1.94,1.08,2.18
1587596556083590,1,0,0.43,0.97,0.37,0.62,0.55,1.67
1587596556096154,1,0,0.51,0.42,0.33,0.29,0.61,1.04
1587596556108022,1,0,0.48,0.02,0.17,0.24,0.95,0.70
1587596556134983,1,0,0.45,0.03,0.10,0.49,1.32,0.66
1587596556146388,1,0,0.49,0.20,0.17,1.61,1.39,0.57
1587596556158763,0,0,0.39,0.16,0.10,1.03,1.53,0.52
1587596556171222,0,0,0.13,-0.12,0.09,0.10,1.41,0.46
1587596556198243,0,0,-0.41,-0.78,0.15,-0.83,1.12,0.11
1587596556208903,0,0,-0.55,-1.08,0.09,-1.18,0.52,0.10
1587596556218408,0,0,-0.59,-1.28,0.13,-1.29,0.18,0.12
1587596556229679,0,0,-0.40,-1.54,0.15,-1.51,-0.30,0.10
1587596556256716,0,0,0.38,-1.54,0.15,-1.56,-0.97,-0.17
1587596556267388,0,0,0.52,-1.35,0.34,-1.15,-1.03,-0.07
1587596556276865,0,0,0.64,-1.21,0.40,-0.79,-0.92,0.14
1587596556288091,0,0,0.76,-0.98,0.24,-0.47,-0.74,0.31
1587596556315015,0,0,0.78,-0.75,-1.45,-0.33,-0.61,1.07
1587596556326415,0,0,-0.04,-0.67,-1.80,0.36,-0.40,0.81
1587596556339121,0,0,-0.15,-0.82,-1.51,0.99,1.12,0.49
1587596556350893,0,0,0.17,-0.31,-0.07,3.10,2.58,0.62
1587596556377976,0,0,-1.14,3.61,0.14,3.49,2.90,-0.80
1587596556389443,0,0,-1.64,3.59,-0.82,0.86,0.81,-1.47
1587596556401461,0,0,-1.75,2.59,-0.37,0.53,-0.75,-1.89
1587596556411172,0,0,-1.29,1.73,0.16,0.43,-1.05,-1.33
1587596556439786,0,0,-0.60,0.94,0.48,0.00,-0.91,-0.86
1587596556449382,0,0,-0.08,0.09,0.41,-0.09,-1.74,-0.11
1587596556460074,0,0,-0.14,-0.20,0.26,0.00,-2.05,-0.01
1587596556469470,0,0,-0.17,-0.25,0.27,0.17,-1.97,0.13
1587596556498896,0,0,-0.01,-0.12,0.40,0.75,-1.84,-0.18
1587596556509992,0,0,0.08,-0.12,0.31,0.78,-1.80,-0.06
1587596556519463,0,0,0.16,-0.35,0.04,0.73,-1.78,0.18
1587596556531225,0,0,0.43,-0.76,-0.19,0.77,-1.59,0.31
1587596556558269,0,0,1.24,-1.03,-0.30,1.06,-1.09,1.81
1587596556568940,0,0,1.40,-0.91,-0.22,0.79,-0.80,2.14
1587596556578429,0,0,1.44,-0.82,-0.14,0.52,-0.58,2.38
1587596556589925,1,0,1.23,-0.71,0.16,-0.07,-0.39,2.20
1587596556616980,1,0,0.69,-0.76,0.56,-0.91,0.41,1.15
1587596556627641,1,0,0.62,-0.78,0.47,-1.39,0.57,0.99
1587596556637146,1,0,0.50,-0.77,0.32,-1.74,0.51,0.80
1587596556648326,1,0,0.30,-0.69,-0.20,-1.97,0.21,0.64
1587596556675269,1,0,0.10,-0.49,-0.95,-1.90,-1.63,-0.76
1587596556686674,1,0,-1.00,-0.22,-0.35,-1.51,-0.62,-2.82
1587596556699402,1,0,-1.63,0.27,-0.62,-1.76,1.04,-3.85
1587596556711227,1,0,-0.88,0.40,-0.14,-1.09,0.85,-4.09
1587596556738275,1,0,0.03,0.90,0.49,-1.64,0.59,-3.65
1587596556749693,1,0,-0.05,1.24,0.36,-1.71,0.91,-2.34
1587596556761687,1,0,-0.26,1.21,0.59,-0.68,0.97,-1.25
1587596556771248,1,0,-0.50,1.24,0.71,0.49,0.92,0.60
1587596556799992,1,0,-0.34,1.76,0.29,2.31,1.22,1.55
1587596556809457,1,0,0.33,1.12,0.30,0.92,0.72,2.15
1587596556820877,1,0,0.46,0.58,0.25,0.28,0.64,1.28
1587596556850278,1,0,0.47,0.12,0.02,0.10,0.86,0.95
1587596556859876,1,0,0.49,-0.06,0.03,1.31,1.23,0.81
1587596556870675,1,0,0.51,0.07,0.12,1.86,1.41,0.82
1587596556880200,1,0,0.44,0.12,0.03,1.73,1.49,0.68
1587596556891767,0,0,0.20,0.02,-0.04,0.80,1.52,0.49
1587596556918722,0,0,-0.46,-0.71,0.22,-0.99,1.32,-0.01
1587596556929151,0,0,-0.59,-1.10,0.14,-1.36,0.82,-0.04
1587596556938648,0,0,-0.64,-1.30,0.11,-1.49,0.40,0.02
1587596556949902,0,0,-0.48,-1.51,0.14,-1.63,-0.18,0.02
1587596556977003,0,0,0.39,-1.60,0.31,-1.57,-0.85,-0.31
1587596556988374,0,0,0.50,-1.36,0.35,-0.69,-0.77,-0.10
1587596557000405,0,0,0.68,-1.12,0.39,-0.07,-0.76,0.14
1587596557009741,0,0,0.71,-0.93,0.25,-0.02,-0.82,0.44
1587596557038677,0,0,0.61,-0.79,-1.19,-0.16,-0.59,1.03
1587596557050684,0,0,0.20,-0.65,-2.00,0.02,-0.75,1.12
1587596557060188,0,0,-0.11,-0.71,-2.06,0.04,-0.50,0.52
1587596557071364,0,0,-0.15,-0.88,-1.25,0.75,1.58,0.20
1587596557098467,0,0,-0.74,2.44,0.80,6.10,2.87,0.47
1587596557109928,0,0,-1.29,3.57,0.09,2.53,2.00,-0.71
1587596557121923,0,0,-1.61,3.05,-0.57,0.11,0.25,-1.42
1587596557131414,0,0,-1.52,2.44,-0.41,0.23,-0.86,-1.83
1587596557160068,0,0,-0.76,1.52,0.57,0.15,-1.48,-1.29
1587596557169630,0,0,0.04,0.51,0.56,-0.26,-1.54,-0.23
1587596557180963,0,0,-0.02,0.09,0.54,-0.04,-1.72,-0.05
1587596557210497,0,0,-0.12,-0.10,0.25,0.15,-1.86,0.17
1587596557222500,0,0,-0.10,0.22,0.29,0.80,-2.01,0.17
1587596557231970,0,0,-0.12,0.00,0.22,0.73,-2.09,0.48
1587596557243372,0,0,0.06,-0.47,0.13,0.72,-2.10,0.63
1587596557252855,0,0,0.24,-0.82,0.05,0.90,-1.97,0.77
1587596557281624,0,0,0.51,-1.10,-0.24,1.33,-1.62,1.92
1587596557293748,0,0,1.09,-1.12,-0.24,1.09,-1.31,2.23
1587596557303221,0,0,1.16,-1.03,-0.11,0.63,-1.04,2.38
1587596557314546,0,0,1.09,-0.91,0.13,-0.15,-0.56,2.22
1587596557341438,0,0,0.95,-0.84,0.20,-0.55,-0.13,1.02
1587596557352193,1,0,0.61,-0.52,0.20,-1.29,0.34,0.70
1587596557361683,1,0,0.50,-0.53,0.27,-1.74,0.28,0.39
1587596557373092,1,0,0.40,-0.64,0.14,-2.00,0.25,0.17
1587596557400003,1,0,0.26,-0.69,-0.99,-1.94,0.18,-0.26
1587596557409484,1,0,-0.72,-0.30,-0.66,-1.34,-0.96,-1.24
1587596557419444,1,0,-1.08,-0.27,-0.30,-1.81,-0.11,-2.71
1587596557449497,1,0,-1.66,0.16,-0.43,-1.98,1.12,-3.37
1587596557458964,1,0,0.06,0.27,0.41,-0.86,0.63,-3.71
1587596557469691,1,0,0.04,0.98,0.72,-0.22,0.31,-2.93
1587596557479209,1,0,-0.12,1.24,0.57,0.03,0.44,-1.89
1587596557490329,1,0,-0.27,1.19,0.53,0.04,0.72,-0.98
1587596557517499,1,0,-0.13,1.68,0.43,1.88,1.01,1.81
1587596557528147,1,0,0.06,1.29,0.30,1.59,0.39,2.10
1587596557537638,1,0,0.20,1.07,0.34,1.42,0.31,1.80
1587596557548987,1,0,0.30,0.65,0.29,0.87,0.29,1.41
1587596557575962,1,0,0.42,-0.06,0.13,0.44,0.45,1.05
1587596557586644,1,0,0.49,-0.02,0.13,1.25,0.62,1.02
1587596557596124,1,0,0.56,0.06,0.19,1.48,0.81,0.80
1587596557607659,0,0,0.47,0.07,0.21,1.14,1.12,0.61
1587596557634734,0,0,0.35,-0.52,0.18,0.59,1.01,0.33
1587596557645431,0,0,-0.19,-0.80,0.12,-0.04,0.88,0.27
1587596557654928,0,0,-0.43,-0.95,0.15,-0.36,0.59,0.41
1587596557666208,0,0,-0.63,-1.15,0.11,-0.80,0.16,0.38
1587596557693269,0,0,-0.57,-1.59,0.16,-1.01,-0.18,-0.20
1587596557703947,0,0,0.24,-1.53,0.21,-1.43,-1.04,-0.29
1587596557713498,0,0,0.45,-1.33,0.20,-1.07,-1.02,-0.23
1587596557724814,0,0,0.66,-1.12,0.10,-0.45,-0.89,-0.13
1587596557751744,0,0,0.71,-0.95,-0.52,-0.27,-0.96,0.53
1587596557763101,0,0,0.32,-0.67,-1.39,-0.09,-0.64,0.83
1587596557775663,0,0,-0.11,-0.69,-1.75,0.00,-0.49,0.63
1587596557787516,0,0,-0.33,-1.11,-1.59,0.51,0.91,0.22
1587596557814661,0,0,-0.11,1.61,0.58,1.82,2.50,1.10
1587596557825962,0,0,-1.43,3.78,-0.18,5.02,2.09,-0.28
1587596557837975,0,0,-2.25,3.74,-1.04,1.91,0.29,-1.45
1587596557847364,0,0,-1.92,2.87,-0.48,1.24,-1.03,-2.38
1587596557876849,0,0,-0.01,0.51,0.41,-1.13,-1.69,-1.03
1587596557888246,0,0,0.17,0.25,0.47,-0.43,-1.79,-0.80
1587596557897726,0,0,0.12,0.27,0.50,0.08,-1.86,-0.34
1587596557909521,0,0,-0.10,0.35,0.33,0.41,-2.01,-0.07
1587596557938398,0,0,-0.11,0.01,0.40,0.42,-2.01,0.28
1587596557947896,0,0,-0.09,-0.08,0.39,0.57,-1.84,0.54
1587596557960019,0,0,0.14,-0.33,0.27,0.83,-1.70,0.93
1587596557971846,0,0,0.33,-0.78,-0.03,0.92,-1.61,1.01
1587596557998913,0,0,1.10,-1.34,-0.08,0.85,-0.80,2.23
1587596558009934,1,0,1.25,-1.23,-0.07,0.89,-0.46,2.65
1587596558019438,1,0,1.35,-1.06,-0.05,0.82,-0.25,3.00
1587596558030640,1,0,1.31,-0.89,0.08,0.27,-0.15,2.92
1587596558057720,1,0,0.52,-0.72,0.31,-0.51,0.00,0.93
1587596558068399,1,0,0.42,-0.66,0.37,-0.74,0.30,0.51
1587596558077935,1,0,0.36,-0.72,0.40,-1.21,0.22,0.17
1587596558089066,1,0,0.29,-0.86,0.35,-1.91,0.12,-0.05
1587596558116099,1,0,-0.11,-0.83,-0.71,-1.94,-0.10,-1.03
1587596558127455,1,0,-0.44,-0.69,-1.46,-0.28,-0.92,-1.14
1587596558139480,1,0,-1.03,-0.30,-0.87,-0.53,-1.35,-1.89
1587596558148845,1,0,-1.48,-0.38,-0.40,-1.22,-0.68,-3.22
1587596558178468,1,0,-0.35,0.82,0.15,-0.76,1.09,-4.36
1587596558189676,1,0,0.10,1.51,0.42,-1.19,0.47,-4.28
1587596558199231,1,0,-0.07,1.85,0.43,-1.55,0.26,-3.32
1587596558210982,1,0,-0.24,1.67,0.37,-1.97,0.42,-2.41
1587596558238192,1,0,-0.07,1.30,0.64,1.09,0.79,1.33
1587596558248514,0,0,-0.07,1.14,0.29,1.64,0.85,2.04
1587596558257991,0,0,0.12,0.94,0.22,1.42,0.62,2.52
1587596558269160,0,0,0.33,0.70,0.12,1.16,0.74,2.18
1587596558296209,0,0,0.33,0.02,0.07,0.81,0.74,0.42
1587596558307629,0,0,0.32,-0.10,0.12,0.61,0.85,0.12
1587596558319714,0,0,0.22,-0.08,0.25,0.83,0.83,0.02
1587596558329097,0,0,0.13,-0.03,0.33,0.78,0.98,-0.07
1587596558358667,0,0,-0.03,-0.63,0.24,-0.71,0.82,0.12
1587596558369980,0,0,-0.08,-0.96,0.04,-1.11,0.43,0.10
1587596558379429,0,0,-0.14,-1.01,-0.12,-1.09,0.09,-0.01
1587596558390631,0,0,-0.24,-1.12,-0.15,-1.09,-0.45,-0.15
1587596558417686,0,0,0.30,-1.34,0.15,-1.73,-0.76,-0.59
1587596558429142,0,0,0.49,-1.16,0.39,-1.31,-0.60,-0.56
1587596558441181,0,0,0.78,-1.06,0.61,-0.85,-0.53,-0.44
1587596558450520,0,0,0.91,-0.94,0.55,-0.77,-0.53,0.09
1587596558478676,0,0,0.50,-0.86,-1.02,-0.30,-0.48,1.05
1587596558488164,0,0,0.14,-0.80,-1.76,-0.06,-0.50,1.19
1587596558500149,0,0,-0.56,-0.83,-2.05,0.09,-0.52,0.28
1587596558530261,0,0,-0.61,-0.94,0.64,0.90,1.68,-0.23
1587596558539760,0,0,-1.15,3.12,0.62,4.49,1.90,1.37
1587596558550432,0,0,-1.56,3.07,-0.30,1.33,1.39,-0.90
1587596558563144,0,0,-1.23,2.53,-0.58,-0.29,0.54,-2.09
1587596558575118,0,0,-0.50,1.82,-0.21,-0.44,-0.16,-2.05
1587596558602096,0,0,-0.05,1.43,0.41,-0.53,-0.27,-0.64
1587596558613207,0,0,0.41,0.61,0.26,0.19,-0.34,-0.38
1587596558625885,0,0,0.18,0.06,0.15,-0.60,-0.29,-0.31
1587596558637808,0,0,-0.06,-0.20,0.19,-0.89,-0.28,-0.20
1587596558664784,0,0,-0.16,-0.35,0.23,-0.71,-0.32,-0.45
1587596558676127,0,0,-0.36,-0.59,0.30,-0.47,-0.40,-0.56
1587596558688159,0,0,-0.08,-0.89,0.27,-0.25,-0.34,-0.52
1587596558697697,0,0,0.24,-1.10,0.13,0.09,-0.19,-0.17
1587596558727210,0,0,1.07,-0.92,-0.12,0.85,-0.19,1.16
1587596558738895,1,0,1.21,-0.69,-0.11,0.51,-0.01,1.46
1587596558751552,1,0,1.13,-0.47,0.00,-0.26,0.45,1.27
1587596558763600,1,0,0.89,-0.55,0.18,-1.29,0.46,1.06
1587596558790525,1,0,0.75,-0.64,0.25,-1.83,0.57,0.46
1587596558801921,1,0,0.51,-0.83,0.30,-2.70,0.74,0.28
1587596558813926,1,0,0.41,-0.85,0.11,-2.63,0.59,0.21
1587596558823191,1,0,0.25,-0.92,-0.35,-2.44,0.48,-0.08
1587596558852506,1,0,-0.16,-1.12,-1.12,-1.87,0.01,-1.83
1587596558864473,1,0,-1.47,-0.39,-0.35,-1.78,0.62,-3.50
1587596558877153,1,0,-0.88,0.24,0.08,-0.81,2.18,-4.65
1587596558889064,1,0,-0.00,1.15,0.60,-0.70,2.17,-4.71
1587596558916089,1,0,-0.04,1.23,0.39,-1.71,0.90,-1.47
1587596558927464,1,0,-0.22,1.50,0.43,0.36,1.36,0.24
1587596558939496,1,0,-0.28,1.97,0.43,1.73,1.93,1.46
1587596558948923,1,0,-0.11,2.06,0.33,2.06,2.23,2.37
1587596558978438,1,0,0.41,0.82,0.29,-0.16,1.42,1.97
1587596558990187,0,0,0.39,0.17,0.24,-0.65,1.22,1.56
1587596559002889,0,0,0.25,-0.33,0.16,-0.34,1.47,1.04
1587596559014876,0,0,0.10,-0.39,0.10,0.45,1.68,0.76
1587596559041732,0,0,-0.01,-0.25,0.08,1.00,1.70,0.02
1587596559053134,0,0,-0.07,0.03,0.02,1.06,1.41,-0.13
1587596559065146,0,0,-0.10,-0.21,0.09,0.19,1.08,-0.22
1587596559074566,0,0,-0.10,-0.41,0.17,-0.40,0.97,-0.40
1587596559103997,0,0,-0.18,-1.21,-0.05,-1.20,0.54,-0.61
1587596559116008,0,0,-0.13,-1.34,-0.11,-1.14,-0.10,-0.54
1587596559127997,0,0,0.03,-1.46,0.09,-1.31,-0.55,-0.43
1587596559137314,0,0,0.17,-1.52,0.21,-1.42,-0.73,-0.36
1587596559166742,0,0,0.60,-1.21,0.36,-0.47,-0.47,0.09
1587596559178757,0,0,0.77,-0.96,0.29,-0.27,-0.20,0.29
1587596559190786,0,0,0.80,-0.83,-0.61,-0.44,-0.13,0.51
1587596559200082,0,0,0.63,-0.78,-1.41,-0.36,-0.40,0.99
1587596559228832,0,0,-0.03,-0.34,-1.24,1.06,1.40,0.64
1587596559241342,0,0,0.07,0.64,0.17,3.49,2.16,1.35
1587596559250894,0,0,-0.18,1.70,0.38,4.89,2.35,0.85
1587596559279531,0,0,-0.97,2.59,-0.10,3.17,2.53,-0.19
1587596559289025,0,0,-0.99,2.42,-0.28,0.55,0.83,-1.36
1587596559299693,0,0,-0.71,1.78,0.16,0.25,-0.02,-0.90
1587596559309215,0,0,-0.46,1.46,0.36,0.19,-0.16,-0.31
1587596559321034,0,0,-0.23,1.08,0.35,0.17,-0.18,-0.17
1587596559348663,0,0,-0.18,-0.12,0.28,-0.28,-0.55,-0.22
1587596559358674,0,0,-0.22,-0.22,0.29,-0.19,-0.68,-0.13
1587596559371394,0,0,-0.40,-0.11,0.37,0.32,-0.88,-0.05
1587596559401477,0,0,-0.44,0.20,0.29,0.50,-1.02,-0.22
1587596559412914,0,0,-0.19,-0.67,0.18,0.38,-1.44,0.05
1587596559422464,0,0,0.05,-0.85,0.09,0.76,-1.38,0.34
1587596559434149,1,0,0.41,-1.03,-0.01,1.19,-1.28,0.70
1587596559446767,1,0,0.73,-0.86,-0.03,1.44,-1.12,1.22
1587596559476960,1,0,1.24,-0.92,-0.21,0.21,-0.41,2.10
1587596559488281,1,0,1.11,-0.87,0.01,-0.18,-0.04,1.80
1587596559497743,1,0,0.94,-0.82,0.21,-0.29,0.19,1.48
1587596559508931,1,0,0.75,-0.72,0.36,-0.53,0.59,1.19
1587596559535979,1,0,0.04,-0.77,-0.31,-0.85,0.10,0.31
1587596559547378,1,0,-0.20,-0.93,-0.57,-1.85,-0.33,-0.07
1587596559559407,1,0,-0.52,-1.05,-1.84,-1.59,-0.70,-0.44
1587596559568699,1,0,-0.83,-0.82,-1.71,-1.37,-1.71,-0.81
1587596559598235,1,0,-1.14,0.13,0.03,-1.57,0.93,-4.38
1587596559610215,1,0,-0.19,2.26,0.19,-1.15,0.68,-4.47
1587596559622240,1,0,0.17,0.96,-0.01,-2.96,-0.73,-3.77
1587596559631772,1,0,0.18,0.41,-0.13,-2.75,-1.02,-2.76
1587596559661048,1,0,0.52,0.67,0.78,-1.86,-0.06,0.80
1587596559672440,1,0,-0.44,1.98,0.71,1.90,1.28,1.75
1587596559681936,1,0,-0.39,1.81,0.37,1.97,1.11,2.33
1587596559693935,1,0,-0.29,0.82,0.26,0.68,0.28,2.48
1587596559724016,1,0,-0.13,0.12,0.23,0.52,0.02,1.37
1587596559735423,1,0,0.01,-0.03,0.14,0.78,-0.18,1.19
1587596559745084,1,0,0.05,-0.11,0.06,0.94,-0.25,0.97
1587596559756338,1,0,0.18,-0.11,0.10,1.40,-0.13,0.88
1587596559783411,1,0,0.30,-0.07,0.18,1.56,-0.02,0.39
1587596559794398,0,0,0.12,-0.40,0.28,0.64,0.14,0.27
1587596559807152,0,0,-0.09,-0.75,0.14,0.03,0.15,0.16
1587596559818991,0,0,-0.30,-0.90,-0.04,-0.28,-0.17,0.23
1587596559846019,0,0,-0.15,-1.38,0.03,-0.56,-1.17,0.31
1587596559857391,0,0,0.02,-1.51,0.18,-1.46,-1.47,0.38
1587596559869197,0,0,0.31,-1.51,0.28,-1.37,-1.52,0.48
1587596559878701,0,0,0.46,-1.45,0.31,-1.14,-1.44,0.67
1587596559908245,0,0,0.64,-0.97,-0.31,-0.14,-1.22,1.41
1587596559919658,0,0,0.31,-0.87,-0.96,0.30,-1.45,1.52
1587596559929144,0,0,0.07,-0.89,-1.33,0.69,-1.19,1.28
1587596559940294,0,0,-0.32,-0.79,-1.76,1.57,0.08,1.30
1587596559967348,0,0,-0.27,0.81,0.11,5.50,2.06,0.87
1587596559978730,0,0,-0.72,3.32,0.54,5.33,2.59,-0.69
1587596559991425,0,0,-1.79,4.27,-0.54,2.11,0.63,-2.13
1587596560020791,0,0,-2.24,3.38,0.04,0.70,-1.92,-0.73
1587596560032918,0,0,-0.26,0.49,0.37,-1.47,-2.22,-0.32
1587596560042412,0,0,0.05,0.27,0.44,-0.92,-2.15,-0.17
1587596560053777,0,0,0.09,0.27,0.52,0.38,-2.44,-0.11
1587596560063229,0,0,0.01,0.28,0.41,0.66,-2.55,-0.09
1587596560092507,0,0,-0.01,0.31,0.32,0.54,-2.39,-0.13
1587596560103857,0,0,0.36,0.06,0.40,0.49,-1.80,0.02
1587596560113394,0,0,0.43,0.02,0.32,0.67,-1.59,0.60
1587596560124770,0,0,0.44,-0.31,0.19,0.85,-1.40,1.15
1587596560151754,0,0,0.30,-0.62,-0.03,0.89,-1.20,1.70
1587596560163146,0,0,0.64,-1.47,-0.05,0.18,-0.35,2.17
1587596560175486,1,0,0.82,-1.33,-0.08,0.63,-0.07,2.47
1587596560188047,1,0,0.84,-1.11,-0.12,0.60,-0.05,2.57
1587596560218250,1,0,0.60,-0.91,0.09,-0.82,-0.21,1.28
1587596560229691,1,0,0.52,-0.97,0.29,-1.09,0.14,0.78
1587596560239210,1,0,0.49,-0.93,0.43,-1.02,0.41,0.24
1587596560250394,1,0,0.48,-0.76,0.57,-0.94,0.64,-0.04
1587596560277500,1,0,0.27,-0.67,0.16,-0.59,0.45,-0.69
1587596560287935,1,0,0.14,-0.74,-0.03,-0.38,0.08,-0.74
1587596560297396,1,0,-0.03,-0.78,-0.72,-0.39,-0.13,-0.78
1587596560309244,1,0,-0.51,-0.86,-1.40,-0.38,-0.73,-0.88
1587596560336246,1,0,-1.96,-0.28,-0.70,-0.18,0.52,-3.55
1587596560346897,1,0,-1.48,0.81,-0.27,1.07,1.37,-4.31
1587596560356383,1,0,-0.88,1.17,0.22,0.85,1.13,-4.97
1587596560367597,1,0,-0.32,1.95,0.69,0.09,0.32,-4.53
1587596560394551,1,0,-0.41,2.05,0.46,-0.15,-1.00,-0.51
1587596560405932,1,0,-0.44,1.75,0.42,-0.74,-0.98,1.63
1587596560418660,1,0,-0.26,1.46,0.36,0.46,-0.85,3.02
1587596560430452,1,0,0.19,1.03,0.38,0.85,-0.81,3.14
1587596560457614,1,0,0.68,-0.13,0.20,0.47,-0.21,1.64
1587596560468394,1,0,0.67,-0.41,0.20,0.81,0.12,1.29
1587596560477966,1,0,0.59,-0.41,0.17,1.15,0.30,0.81
1587596560489412,0,0,0.54,-0.37,0.16,1.57,0.56,0.61
1587596560516420,0,0,0.02,-0.20,0.23,1.48,0.70,-0.31
1587596560527166,0,0,-0.12,-0.18,0.26,1.17,0.67,-0.52
1587596560536649,0,0,-0.27,-0.28,0.17,0.75,0.52,-0.75
1587596560547809,0,0,-0.40,-0.38,0.02,0.01,0.10,-0.73
1587596560574943,0,0,-0.41,-0.79,0.07,-0.52,-0.62,-0.36
1587596560585663,0,0,0.25,-0.96,0.34,-1.76,-0.54,-0.19
1587596560595131,0,0,0.46,-1.01,0.39,-1.83,-0.52,0.02
1587596560606396,0,0,0.73,-1.04,0.28,-1.72,-0.53,0.22
1587596560633272,0,0,0.85,-0.93,-0.28,-1.42,-0.57,0.82
1587596560644629,0,0,0.74,-0.86,-0.63,-0.62,-0.56,0.87
1587596560657397,0,0,0.39,-0.77,-1.07,-0.66,-0.32,0.90
1587596560669245,0,0,0.10,-0.79,-1.26,-0.83,-0.10,0.77
1587596560696249,0,0,-0.44,-1.72,0.09,-0.82,3.06,-0.05
1587596560707453,0,0,-0.48,0.00,0.06,4.56,3.03,2.18
1587596560720148,0,0,-1.19,2.39,0.24,6.47,2.21,1.35
1587596560749529,0,0,-2.13,3.30,-0.56,3.09,1.52,-0.40
1587596560758998,0,0,-0.59,2.27,-0.08,0.62,-1.24,-2.65
1587596560770396,0,0,-0.17,1.46,0.06,-0.88,-1.76,-1.86
1587596560782431,0,0,-0.01,0.90,0.22,-1.18,-1.71,-1.44
1587596560791973,0,0,-0.02,0.73,0.33,-0.51,-1.62,-0.74
1587596560821423,0,0,0.05,0.71,0.16,0.40,-1.48,0.57
1587596560832722,0,0,-0.03,0.28,0.09,-0.20,-1.81,0.81
1587596560842189,0,0,-0.00,-0.06,0.11,-0.34,-1.79,1.01
1587596560853700,0,0,0.05,-0.50,0.28,-0.22,-1.73,1.09
1587596560880533,0,0,0.20,-0.86,0.06,-0.09,-1.63,1.31
1587596560891879,0,0,0.68,-1.42,-0.09,0.63,-1.19,1.51
1587596560904248,1,0,0.93,-1.43,-0.29,0.41,-0.70,1.74
1587596560916783,1,0,1.10,-1.34,-0.42,0.05,-0.07,1.80
1587596560947069,1,0,0.71,-0.73,-0.01,-0.72,0.51,0.69
1587596560958753,1,0,0.59,-0.57,0.12,-1.14,0.78,0.06
1587596560971485,1,0,0.58,-0.51,0.22,-1.68,0.96,-0.22
1587596560983674,1,0,0.55,-0.48,0.34,-2.21,0.96,-0.35
1587596561013774,1,0,0.40,-0.88,-1.20,-2.35,0.40,-0.73
1587596561025763,1,0,-0.63,-0.46,-1.04,-1.54,-0.74,-1.19
1587596561038476,1,0,-1.17,-0.26,-0.59,-2.16,-0.09,-3.17
1587596561050505,1,0,-1.84,0.02,-0.51,-2.69,1.09,-4.01
1587596561077710,1,0,-0.30,0.07,0.57,-1.71,0.48,-4.25
1587596561088497,1,0,-0.26,0.39,0.61,-1.80,0.24,-3.38
1587596561101154,1,0,-0.37,1.03,0.59,-1.19,0.48,-1.67
1587596561130992,0,0,-0.68,1.42,0.39,0.54,0.39,1.93
1587596561143043,0,0,-0.16,2.14,0.24,2.01,0.81,2.03
1587596561155741,0,0,0.24,1.50,0.26,0.52,0.40,1.70
1587596561167752,0,0,0.54,0.88,0.28,-0.03,0.10,1.29
1587596561177097,0,0,0.59,0.60,0.30,0.01,0.24,0.71
1587596561206662,0,0,0.34,0.10,0.01,0.70,0.66,0.71
1587596561217971,0,0,0.34,0.06,0.11,1.24,0.69,0.59
1587596561227474,0,0,0.30,0.01,0.08,1.30,0.79,0.38
1587596561239366,0,0,0.22,-0.08,0.14,0.86,0.85,0.20
1587596561268649,0,0,-0.16,-0.90,0.24,-0.87,0.63,-0.00
1587596561281422,0,0,-0.25,-1.20,0.11,-1.12,0.31,-0.23
1587596561293448,0,0,-0.26,-1.37,0.04,-1.02,-0.18,-0.22
1587596561302971,0,0,-0.16,-1.35,0.00,-0.93,-0.40,-0.43
1587596561332243,0,0,0.08,-1.33,0.03,-0.76,-0.57,-0.77
1587596561343972,0,0,0.54,-0.93,0.14,-0.42,-0.58,-0.57
1587596561356656,0,0,0.69,-0.82,0.20,-0.47,-0.49,-0.25
1587596561369172,0,0,0.83,-0.74,0.22,-0.71,-0.25,0.27
1587596561398675,0,0,0.71,-0.74,-0.92,-0.56,0.16,0.98
1587596561410684,0,0,0.30,-0.67,-1.67,-0.24,0.38,0.97
1587596561420144,0,0,0.00,-0.69,-1.76,-0.13,0.63,0.64
1587596561449525,0,0,-0.31,-1.08,-0.93,0.56,2.10,0.22
1587596561458997,0,0,-1.33,2.91,0.68,5.34,3.37,0.20
1587596561469709,0,0,-1.73,3.71,-0.43,2.74,2.21,-1.54
1587596561482396,0,0,-1.79,3.17,-0.66,0.78,0.61,-2.73
1587596561494428,0,0,-1.03,2.05,0.12,0.30,-0.42,-2.53
1587596561521235,0,0,-0.44,1.47,0.35,-0.09,-0.53,-0.49
1587596561532624,0,0,0.11,0.56,0.19,-0.46,-1.36,-0.27
1587596561544576,0,0,-0.08,0.19,0.10,-0.81,-1.43,-0.30
1587596561553867,0,0,-0.11,0.03,0.13,-0.87,-1.42,-0.19
1587596561583272,0,0,-0.08,-0.43,0.44,-0.67,-1.42,0.06
1587596561595263,0,0,-0.24,-0.47,0.27,1.05,-1.22,0.22
1587596561607957,0,0,-0.07,-0.66,0.03,1.04,-1.48,0.07
1587596561619765,0,0,0.24,-1.04,-0.12,0.93,-1.45,0.25
1587596561647082,0,0,1.22,-1.01,-0.28,1.10,-0.95,1.77
1587596561658166,0,0,1.34,-0.92,-0.16,0.44,-0.69,2.14
1587596561670682,1,0,1.30,-0.78,0.05,-0.28,-0.45,2.22
1587596561701054,1,0,1.04,-0.72,0.39,-0.93,-0.42,1.18
1587596561712458,1,0,0.49,-0.94,0.43,-1.88,0.13,0.85
1587596561721957,1,0,0.41,-1.06,0.43,-2.14,0.18,0.61
1587596561733277,1,0,0.36,-1.11,0.28,-2.23,0.15,0.54
1587596561742905,1,0,0.30,-1.02,-0.18,-1.97,0.09,0.16
1587596561771551,1,0,-0.07,-0.88,-0.86,-1.29,-0.43,-1.90
1587596561783730,1,0,-1.46,-0.03,-0.73,-1.39,-0.38,-3.92
1587596561796435,1,0,-1.25,0.35,-0.29,-0.92,0.56,-4.60
1587596561808314,1,0,-0.32,0.43,0.39,-0.68,0.33,-4.52
1587596561835249,1,0,-0.03,1.09,0.61,-1.18,0.57,-2.73
1587596561846674,1,0,-0.35,1.46,0.50,-1.26,0.66,-0.89
1587596561859381,1,0,-0.68,1.57,0.33,0.80,0.41,1.03
1587596561871173,1,0,-0.28,1.94,0.19,2.44,0.79,1.72
1587596561898385,1,0,0.83,1.35,0.25,0.93,0.97,1.38
1587596561909139,1,0,0.93,0.68,0.16,0.51,0.92,0.86
1587596561918672,1,0,0.85,0.30,0.13,0.43,1.07,0.46
1587596561930121,0,0,0.57,0.02,0.14,0.56,1.34,0.42
1587596561957234,0,0,0.04,0.10,0.26,1.17,1.58,0.28
1587596561967705,0,0,-0.11,0.14,0.23,0.86,1.34,0.27
1587596561977176,0,0,-0.19,0.02,0.14,0.42,1.20,0.41
1587596561989027,0,0,-0.24,-0.31,0.13,-0.11,1.11,0.42
1587596562018675,0,0,-0.48,-1.02,0.14,-0.86,0.67,0.03
1587596562030677,0,0,-0.35,-1.27,0.16,-1.16,0.15,0.01
1587596562040150,0,0,-0.15,-1.36,0.03,-1.20,-0.31,-0.07
1587596562051230,0,0,0.13,-1.49,-0.01,-1.35,-0.85,-0.17
1587596562078255,0,0,0.73,-1.59,0.19,-1.65,-0.90,-0.33
1587596562089641,0,0,0.78,-1.29,0.32,-0.62,-0.66,-0.17
1587596562101741,0,0,0.88,-0.98,0.09,-0.16,-0.72,-0.06
1587596562111261,0,0,0.87,-0.93,-0.38,-0.11,-0.79,0.26
1587596562139993,0,0,0.49,-0.77,-2.17,0.12,-0.64,0.56
1587596562149485,0,0,-0.61,-0.99,-1.97,0.03,0.80,-0.61
1587596562160763,0,0,-0.55,-0.49,-0.20,2.22,3.19,0.81
1587596562190803,0,0,-0.33,2.10,0.31,5.99,3.31,0.27
1587596562202907,0,0,-1.71,3.01,-0.55,-1.29,-0.09,-0.49
1587596562214926,0,0,-1.15,1.84,-0.28,-0.94,-1.01,-0.58
1587596562224418,0,0,-0.47,1.47,0.02,-0.53,-0.97,-0.34
1587596562235857,0,0,0.19,1.01,0.35,-0.08,-0.71,-0.17
1587596562262860,0,0,0.41,0.77,0.29,0.13,-0.64,-0.13
1587596562273519,0,0,0.32,-0.01,0.20,-0.34,-0.48,-0.16
1587596562282964,0,0,0.20,-0.06,0.17,-0.32,-0.41,-0.15
1587596562294428,0,0,-0.02,-0.01,0.24,-0.03,-0.37,-0.18
1587596562321257,0,0,-0.19,0.00,0.35,0.21,-0.38,0.03
1587596562332644,0,0,-0.23,-0.82,0.30,0.70,-0.46,-0.02
1587596562344997,1,0,-0.04,-1.04,0.10,1.26,-0.41,0.37
1587596562357507,1,0,0.35,-1.11,-0.10,1.66,-0.56,0.97
1587596562387552,1,0,0.94,-0.82,-0.11,0.57,-0.46,1.73
1587596562399496,1,0,0.87,-0.61,0.08,-0.46,-0.19,1.44
1587596562412153,1,0,0.72,-0.52,0.27,-1.27,0.08,0.93
1587596562424129,1,0,0.57,-0.47,0.29,-1.56,0.20,0.70
1587596562450998,1,0,0.48,-0.45,0.07,-1.79,0.11,0.44
1587596562462420,1,0,-0.01,-0.85,-0.04,-2.35,-0.31,0.21
1587596562475143,1,0,-0.16,-1.03,-0.61,-1.92,-0.46,-0.07
1587596562487111,1,0,-0.50,-0.82,-0.75,-1.36,-0.98,-0.33
1587596562514150,1,0,-0.66,-0.13,-0.55,-1.26,0.32,-2.90
1587596562524876,1,0,-0.60,0.65,0.04,-1.54,0.77,-3.55
1587596562534427,1,0,-0.03,0.67,0.31,-1.82,1.04,-3.71
1587596562545637,1,0,0.34,0.61,0.38,-1.54,0.74,-3.16
1587596562572497,1,0,0.32,0.88,0.41,-0.84,0.48,-0.88
1587596562583856,1,0,-0.28,1.72,0.59,1.05,1.74,0.62
1587596562596091,0,0,-0.11,1.88,0.56,1.66,1.85,1.57
1587596562605442,0,0,0.11,1.83,0.33,1.76,1.80,2.31
1587596562634925,0,0,0.28,0.46,0.23,0.89,1.19,1.44
1587596562646226,0,0,0.29,0.01,0.09,0.45,1.37,1.25
1587596562655685,0,0,0.24,-0.15,0.06,0.66,1.40,1.12
1587596562667562,0,0,0.13,-0.07,0.17,1.20,1.38,0.75
1587596562697733,0,0,-0.00,0.10,0.13,0.84,1.17,0.53
1587596562709126,0,0,-0.02,-0.18,0.08,0.31,1.05,0.59
1587596562718671,0,0,-0.06,-0.34,0.18,0.07,1.05,0.28
1587596562729773,0,0,-0.27,-0.61,0.20,-0.36,0.90,-0.01
1587596562756766,0,0,-0.45,-1.07,0.22,-1.29,0.07,-0.48
1587596562768170,0,0,-0.19,-1.25,0.34,-1.43,-0.38,-0.48
1587596562780876,0,0,0.18,-1.37,0.35,-1.55,-0.64,-0.45
1587596562810262,0,0,0.58,-1.33,0.15,-1.56,-0.73,-0.20
1587596562819730,0,0,0.84,-0.95,-0.19,-0.39,-0.92,0.76
1587596562831186,0,0,0.69,-0.72,-0.99,-0.05,-0.84,1.14
